soc,ocv,ri
0,50.6888,33.0745
0.01,51.0921,56.4447
0.02,51.4394,63.5196
0.03,51.7556,69.2303
0.04,52.0446,73.6016
0.05,52.2984,81.0782
0.06,52.5144,89.0703
0.07,52.6814,96.7466
0.08,52.8054,100.593
0.09,52.8964,101.371
0.1,52.9674,100.652
0.11,53.0232,100.398
0.12,53.0727,99.3758
0.13,53.1178,99.4425
0.14,53.1608,99.5349
0.15,53.2023,99.86
0.16,53.243,101.36
0.17,53.2858,102.453
0.18,53.3286,104.426
0.19,53.3733,106.405
0.2,53.4229,108.946
0.21,53.475,112.151
0.22,53.5324,115.263
0.23,53.5964,117.27
0.24,53.6697,118.09
0.25,53.751,116.597
0.26,53.8381,113.891
0.27,53.929,111.519
0.28,54.0188,110.456
0.29,54.1062,110.561
0.3,54.1915,110.642
0.31,54.2765,111.463
0.32,54.3602,112.592
0.33,54.4415,114.46
0.34,54.5218,116.776
0.35,54.598,119.091
0.36,54.6728,121.628
0.37,54.7445,124.615
0.38,54.8145,127.042
0.39,54.8824,129.469
0.4,54.9483,131.896
0.41,55.0146,133.579
0.42,55.0774,135.297
0.43,55.1396,135.825
0.44,55.1988,135.03
0.45,55.2558,134.202
0.46,55.3101,133.02
0.47,55.3628,131.12
0.48,55.4133,128.974
0.49,55.464,127.325
0.5,55.5109,124.893
0.51,55.5582,123.076
0.52,55.6038,120.729
0.53,55.6484,118.837
0.54,55.691,116.036
0.55,55.7326,112.796
0.56,55.7721,109.555
0.57,55.8086,106.774
0.58,55.8432,103.976
0.59,55.8772,102.307
0.6,55.9066,100.873
0.61,55.9356,99.6262
0.62,55.9619,98.4874
0.63,55.9867,97.6738
0.64,56.0122,96.9456
0.65,56.0364,96.9456
0.66,56.0589,95.9102
0.67,56.0832,95.7576
0.68,56.1059,95.6054
0.69,56.1301,94.7119
0.7,56.1533,94.2651
0.71,56.176,94.0022
0.72,56.1996,93.3716
0.73,56.2243,93.5988
0.74,56.248,93.3716
0.75,56.2732,93.8183
0.76,56.2965,94.2081
0.77,56.3225,94.2651
0.78,56.3484,94.437
0.79,56.3749,95.1586
0.8,56.4021,95.6054
0.81,56.4314,96.0521
0.82,56.4606,97.3924
0.83,56.4915,97.9923
0.84,56.524,98.7718
0.85,56.5575,99.9983
0.86,56.5927,100.581
0.87,56.6295,102.005
0.88,56.6701,103.678
0.89,56.7101,105.099
0.9,56.7548,106.327
0.91,56.8022,108.561
0.92,56.8522,110.252
0.93,56.9052,112.936
0.94,56.9635,114.431
0.95,57.0259,116.618
0.96,57.0963,118.373
0.97,57.1729,119.24
0.98,57.2635,118.769
0.99,57.369,113.487
1,57.4,113