time,soc_fb,soc_fb_real
0,1,1
1,0.99999689,1
2,0.999992075,1
3,0.999985774,1
4,0.999979838,1
5,0.999976018,1
6,0.999973778,1
7,0.999971604,1
8,0.999969461,1
9,0.999967338,1
10,0.999965275,1
11,0.999963232,1
12,0.999961193,1
13,0.999959196,1
14,0.999957209,1
15,0.999955212,1
16,0.999953214,1
17,0.999951279,1
18,0.999949386,1
19,0.999947513,1
20,0.999945661,1
21,0.999943782,1
22,0.999941882,1
23,0.999940009,1
24,0.999938157,1
25,0.999936285,1
26,0.999934433,1
27,0.999932602,1
28,0.999930781,1
29,0.999928982,1
30,0.999927192,1
31,0.999925396,1
32,0.999923589,1
33,0.999921789,1
34,0.99992,1
35,0.999916891,1
36,0.999911349,1
37,0.99990616,1
38,0.999902936,1
39,0.999898735,1
40,0.999892455,1
41,0.999886654,1
42,0.99988051,1
43,0.999873296,1
44,0.999866924,1
45,0.999862494,1
46,0.999859645,1
47,0.999856868,1
48,0.999855682,1
49,0.999856067,1
50,0.999856546,1
51,0.999857108,1
52,0.999855393,1
53,0.999846759,1
54,0.999830043,1
55,0.999796214,1
56,0.999765606,1
57,0.999745024,1
58,0.999666945,1
59,0.999515527,1
60,0.999314411,1
61,0.999072054,1
62,0.998827687,1
63,0.998635645,1
64,0.998556638,1
65,0.998539323,1
66,0.998404491,1
67,0.99810442,1
68,0.997719734,1
69,0.997290232,1
70,0.996912016,1
71,0.996634066,1
72,0.996432309,1
73,0.996334971,1
74,0.996312208,1
75,0.996299824,1
76,0.996281335,1
77,0.996298061,1
78,0.996322783,1
79,0.99632008,1
80,0.996316418,1
81,0.99631134,1
82,0.996305238,1
83,0.996300211,1
84,0.996297014,1
85,0.996279413,1
86,0.996189495,1
87,0.996028858,1
88,0.995928355,1
89,0.995898739,1
90,0.99577795,1
91,0.995504237,1
92,0.995107056,1
93,0.994614996,1
94,0.994070565,1
95,0.993529249,1
96,0.993093132,1
97,0.992859867,1
98,0.992666241,1
99,0.992409042,1
100,0.992249527,1
101,0.99221042,1
102,0.992208838,1
103,0.99220646,1
104,0.992201961,1
105,0.992196619,1
106,0.992191121,1
107,0.992185618,1
108,0.992179918,1
109,0.992173959,1
110,0.992168253,1
111,0.992160916,1
112,0.99215316,1
113,0.9921476,1
114,0.992143122,1
115,0.99213787,1
116,0.99213145,1
117,0.992125082,1
118,0.992119043,1
119,0.992113262,1
120,0.992107487,1
121,0.992101753,1
122,0.992096032,1
123,0.992090063,1
124,0.992083742,1
125,0.992077607,1
126,0.992071836,1
127,0.992066168,1
128,0.992060486,1
129,0.992054783,1
130,0.992049079,1
131,0.992043376,1
132,0.992037672,1
133,0.992031967,1
134,0.992026262,1
135,0.992020567,1
136,0.9920149,1
137,0.992008777,1
138,0.992000756,1
139,0.991991619,1
140,0.991984724,1
141,0.9919795,1
142,0.991972353,1
143,0.991963803,1
144,0.991955118,1
145,0.991945276,1
146,0.991932788,1
147,0.991910377,1
148,0.991862717,1
149,0.991714304,1
150,0.991386429,1
151,0.990898506,1
152,0.990340869,1
153,0.989778755,1
154,0.989217018,1
155,0.988655766,1
156,0.988096016,1
157,0.987558293,1
158,0.987168034,1
159,0.986937787,1
160,0.98681634,1
161,0.986805845,1
162,0.986815904,1
163,0.986809731,1
164,0.986802129,1
165,0.986794985,1
166,0.986789543,1
167,0.986779629,1
168,0.98666362,1
169,0.986329665,1
170,0.985827639,1
171,0.985269292,1
172,0.984707046,1
173,0.984145021,1
174,0.983593158,1
175,0.983129374,1
176,0.982741519,1
177,0.982353564,1
178,0.981966991,1
179,0.981580512,1
180,0.981193051,1
181,0.980802812,1
182,0.980413143,1
183,0.980024629,1
184,0.979636027,1
185,0.979248874,1
186,0.978861859,1
187,0.978475243,1
188,0.978109215,1
189,0.977746344,1
190,0.97736203,1
191,0.976997493,1
192,0.976693486,1
193,0.976440859,1
194,0.97620173,1
195,0.975968992,1
196,0.975766393,1
197,0.975562435,1
198,0.97528823,1
199,0.974938884,1
200,0.974555778,1
201,0.974166877,1
202,0.973789738,1
203,0.973446991,1
204,0.973127044,1
205,0.972806441,1
206,0.972484313,1
207,0.972158952,1
208,0.971810277,1
209,0.971472959,1
210,0.97122082,1
211,0.971048744,1
212,0.970947315,1
213,0.970900101,1
214,0.970848858,1
215,0.970745468,1
216,0.970673957,1
217,0.970670415,1
218,0.970664425,1
219,0.970656737,1
220,0.97064929,1
221,0.970643395,1
222,0.970581329,1
223,0.970326985,1
224,0.969937041,1
225,0.969525687,1
226,0.969026834,1
227,0.968482528,1
228,0.96802652,1
229,0.967638833,1
230,0.967252422,1
231,0.966865477,1
232,0.966477501,1
233,0.966090758,1
234,0.965704938,0.985
235,0.965318314,0.98
236,0.964930154,0.98
237,0.964540766,0.98
238,0.964151915,0.98
239,0.96376349,0.98
240,0.963374348,0.98
241,0.962986527,0.98
242,0.962599774,0.98
243,0.962210916,0.98
244,0.961821787,0.98
245,0.961434409,0.98
246,0.961047473,0.98
247,0.960660266,0.98
248,0.960272288,0.98
249,0.959886945,0.98
250,0.959501561,0.98
251,0.959113943,0.98
252,0.958725852,0.98
253,0.958335343,0.98
254,0.95794813,0.98
255,0.957563033,0.98
256,0.957176137,0.98
257,0.956787794,0.98
258,0.956399293,0.98
259,0.956012586,0.98
260,0.955625629,0.98
261,0.955239539,0.98
262,0.954854273,0.98
263,0.954466552,0.975
264,0.954077298,0.97
265,0.953690437,0.97
266,0.953303111,0.97
267,0.952913416,0.97
268,0.952524897,0.97
269,0.952138568,0.97
270,0.951750902,0.97
271,0.951361042,0.97
272,0.950972704,0.97
273,0.950586835,0.97
274,0.950199415,0.97
275,0.949810656,0.97
276,0.949423131,0.97
277,0.949034715,0.97
278,0.948645044,0.97
279,0.948256658,0.97
280,0.947865653,0.97
281,0.947468859,0.97
282,0.947069554,0.97
283,0.946670835,0.97
284,0.946272565,0.97
285,0.946095854,0.97
286,0.946116743,0.97
287,0.946112492,0.97
288,0.94610796,0.97
289,0.946103154,0.97
290,0.946098301,0.97
291,0.946093706,0.97
292,0.946089218,0.97
293,0.946084738,0.97
294,0.946080283,0.97
295,0.946075826,0.97
296,0.946071149,0.97
297,0.946066239,0.97
298,0.946061559,0.97
299,0.946057102,0.97
300,0.946052644,0.97
301,0.946048191,0.97
302,0.946043767,0.97
303,0.946039271,0.97
304,0.946034487,0.97
305,0.946029582,0.97
306,0.9460248,0.97
307,0.946008188,0.97
308,0.945968871,0.97
309,0.945913531,0.97
310,0.945843634,0.97
311,0.945768597,0.97
312,0.945731549,0.97
313,0.945729733,0.97
314,0.945727401,0.97
315,0.945721392,0.97
316,0.945712754,0.97
317,0.945704941,0.97
318,0.945699067,0.97
319,0.945693193,0.97
320,0.945687155,0.97
321,0.94568054,0.97
322,0.945548653,0.97
323,0.945160881,0.97
324,0.944615008,0.97
325,0.944042746,0.97
326,0.943470891,0.97
327,0.942897664,0.965
328,0.942398646,0.96
329,0.942206526,0.96
330,0.942223021,0.96
331,0.942216881,0.96
332,0.942198805,0.96
333,0.942119119,0.96
334,0.941952032,0.96
335,0.941747003,0.96
336,0.941590335,0.96
337,0.941532381,0.96
338,0.941522253,0.96
339,0.941509553,0.96
340,0.941466058,0.96
341,0.94139644,0.96
342,0.941361255,0.96
343,0.941293784,0.96
344,0.941142236,0.96
345,0.941011855,0.96
346,0.940926479,0.96
347,0.940831471,0.96
348,0.940707301,0.96
349,0.940564935,0.96
350,0.940437466,0.96
351,0.940372429,0.96
352,0.94036433,0.96
353,0.940316242,0.96
354,0.940042416,0.96
355,0.939688218,0.96
356,0.93954156,0.96
357,0.939499407,0.96
358,0.939357794,0.96
359,0.939051909,0.96
360,0.938642278,0.96
361,0.938193253,0.96
362,0.93773873,0.96
363,0.937283763,0.96
364,0.93682815,0.96
365,0.936373321,0.96
366,0.935940188,0.96
367,0.935554457,0.96
368,0.935231141,0.96
369,0.934966411,0.96
370,0.934754166,0.96
371,0.934584532,0.96
372,0.93441613,0.96
373,0.934211045,0.96
374,0.933979227,0.96
375,0.933745586,0.96
376,0.933500264,0.96
377,0.933232016,0.96
378,0.932940137,0.96
379,0.932645357,0.96
380,0.932351177,0.96
381,0.932054909,0.9525
382,0.931761794,0.95
383,0.931464645,0.95
384,0.931168641,0.95
385,0.93087206,0.95
386,0.930529031,0.95
387,0.930082507,0.95
388,0.929572275,0.95
389,0.929063337,0.95
390,0.928560961,0.95
391,0.928071193,0.95
392,0.927589155,0.95
393,0.927105262,0.95
394,0.92662765,0.95
395,0.926199801,0.95
396,0.92581243,0.95
397,0.925422542,0.95
398,0.925032285,0.95
399,0.924642703,0.95
400,0.924253794,0.95
401,0.92386427,0.95
402,0.9234744,0.95
403,0.923086445,0.95
404,0.922699316,0.95
405,0.922311188,0.95
406,0.921921202,0.95
407,0.921531149,0.95
408,0.921142981,0.95
409,0.920754973,0.936666667
410,0.920365895,0.93
411,0.919975384,0.93
412,0.919586937,0.93
413,0.91920045,0.93
414,0.918813159,0.93
415,0.918425473,0.93
416,0.918037652,0.93
417,0.917648713,0.93
418,0.917258777,0.93
419,0.916869325,0.93
420,0.916479429,0.93
421,0.916090983,0.93
422,0.915703897,0.93
423,0.915315458,0.93
424,0.914928043,0.93
425,0.914540063,0.93
426,0.914151537,0.93
427,0.913764997,0.93
428,0.91337891,0.93
429,0.912991764,0.93
430,0.91260435,0.93
431,0.912216869,0.93
432,0.911828899,0.93
433,0.911440356,0.93
434,0.911052631,0.93
435,0.910665655,0.93
436,0.910277866,0.93
437,0.909889988,0.93
438,0.909501805,0.9225
439,0.909114737,0.92
440,0.908728615,0.92
441,0.908341462,0.92
442,0.907952942,0.92
443,0.907564529,0.92
444,0.907177164,0.92
445,0.906786933,0.92
446,0.906389849,0.92
447,0.905991805,0.92
448,0.905595387,0.92
449,0.905195711,0.92
450,0.904794492,0.92
451,0.904392206,0.92
452,0.903990666,0.92
453,0.903591084,0.92
454,0.903193951,0.92
455,0.902797832,0.92
456,0.902398768,0.92
457,0.902003737,0.92
458,0.901611841,0.92
459,0.901215667,0.92
460,0.900820566,0.92
461,0.900429387,0.92
462,0.900037046,0.92
463,0.899641546,0.92
464,0.899247025,0.92
465,0.898853111,0.92
466,0.898459711,0.92
467,0.898068504,0.913333333
468,0.897677272,0.91
469,0.897286035,0.91
470,0.896893022,0.91
471,0.89650238,0.91
472,0.896114218,0.91
473,0.895725802,0.91
474,0.895336825,0.91
475,0.894945854,0.91
476,0.894555112,0.91
477,0.894163504,0.91
478,0.893772447,0.91
479,0.893383336,0.91
480,0.892995274,0.91
481,0.892604426,0.91
482,0.892211396,0.91
483,0.891819893,0.91
484,0.891426836,0.91
485,0.891032836,0.91
486,0.890637879,0.91
487,0.89024344,0.91
488,0.889852317,0.91
489,0.889461727,0.91
490,0.889073054,0.91
491,0.888685127,0.91
492,0.888294833,0.91
493,0.887904266,0.91
494,0.887514451,0.91
495,0.887126541,0.91
496,0.88674111,0.9025
497,0.886355737,0.9
498,0.885968708,0.9
499,0.885579891,0.9
500,0.885189418,0.9
501,0.884799909,0.9
502,0.884412553,0.9
503,0.884028884,0.9
504,0.88364263,0.9
505,0.883254381,0.9
506,0.882868683,0.9
507,0.882481547,0.9
508,0.882094024,0.9
509,0.881708574,0.9
510,0.88132384,0.9
511,0.880938283,0.9
512,0.880552791,0.9
513,0.880167936,0.9
514,0.879781087,0.9
515,0.879391147,0.9
516,0.879004013,0.9
517,0.878618052,0.9
518,0.878232986,0.9
519,0.877852906,0.9
520,0.87747689,0.9
521,0.87710068,0.9
522,0.876720491,0.9
523,0.876338593,0.9
524,0.875958489,0.9
525,0.875576576,0.893333333
526,0.875192509,0.89
527,0.874810968,0.89
528,0.87443138,0.89
529,0.874051295,0.89
530,0.873989452,0.89
531,0.87424179,0.89
532,0.874490037,0.89
533,0.87473892,0.89
534,0.874945337,0.89
535,0.874880471,0.89
536,0.874522088,0.89
537,0.874067482,0.89
538,0.873579435,0.89
539,0.87308216,0.89
540,0.872582468,0.89
541,0.872083982,0.89
542,0.871581592,0.89
543,0.871105156,0.89
544,0.87070566,0.89
545,0.870380111,0.89
546,0.870082683,0.89
547,0.869790282,0.89
548,0.869449611,0.89
549,0.869028543,0.89
550,0.8685749,0.89
551,0.868121619,0.89
552,0.867711563,0.89
553,0.867628044,0.89
554,0.867851175,0.89
555,0.868096868,0.89
556,0.868342932,0.89
557,0.868588928,0.89
558,0.868834625,0.89
559,0.869080214,0.89
560,0.86929139,0.89
561,0.869419035,0.89
562,0.869504836,0.89
563,0.869670536,0.89
564,0.86987473,0.89
565,0.870008215,0.89
566,0.870086784,0.89
567,0.87014541,0.89
568,0.870201889,0.89
569,0.870244519,0.89
570,0.870239595,0.89
571,0.870177387,0.89
572,0.870095932,0.89
573,0.870036525,0.89
574,0.869922449,0.89
575,0.869703053,0.89
576,0.869450027,0.89
577,0.869190697,0.89
578,0.868975613,0.89
579,0.868826531,0.89
580,0.868700779,0.89
581,0.868600292,0.89
582,0.86852847,0.89
583,0.868466833,0.89
584,0.868406436,0.89
585,0.868356366,0.89
586,0.86831862,0.89
587,0.868285092,0.89
588,0.868332773,0.89
589,0.868516868,0.89
590,0.868755018,0.89
591,0.868989219,0.89
592,0.869217676,0.89
593,0.869435063,0.89
594,0.869635152,0.89
595,0.869813662,0.89
596,0.869967776,0.89
597,0.870094879,0.89
598,0.870193978,0.89
599,0.870262111,0.89
600,0.870291145,0.89
601,0.870291685,0.89
602,0.870284083,0.89
603,0.870276023,0.89
604,0.870269968,0.89
605,0.870263285,0.89
606,0.870254798,0.89
607,0.870247586,0.89
608,0.870242527,0.89
609,0.870237856,0.89
610,0.870233315,0.89
611,0.870228784,0.89
612,0.870224233,0.89
613,0.870219551,0.89
614,0.870214571,0.89
615,0.87020935,0.89
616,0.870204449,0.89
617,0.870199886,0.89
618,0.870195304,0.89
619,0.870190754,0.89
620,0.870186224,0.89
621,0.87018169,0.89
622,0.870177156,0.89
623,0.870172622,0.89
624,0.870168088,0.89
625,0.870163556,0.89
626,0.870159024,0.89
627,0.870154479,0.89
628,0.870149934,0.89
629,0.870145388,0.89
630,0.870140855,0.89
631,0.870136302,0.89
632,0.870131746,0.89
633,0.870127229,0.89
634,0.870122722,0.89
635,0.870118222,0.89
636,0.870113711,0.89
637,0.870109173,0.89
638,0.870104655,0.89
639,0.870100157,0.89
640,0.870095642,0.89
641,0.870091096,0.89
642,0.870086557,0.89
643,0.870082048,0.89
644,0.870077519,0.89
645,0.870072979,0.89
646,0.870068466,0.89
647,0.870063953,0.89
648,0.870059423,0.89
649,0.870054903,0.89
650,0.870050372,0.89
651,0.870045821,0.89
652,0.870041281,0.89
653,0.87003675,0.89
654,0.870032209,0.89
655,0.870027677,0.89
656,0.870023145,0.89
657,0.870018604,0.89
658,0.870014072,0.89
659,0.87000955,0.89
660,0.870005027,0.89
661,0.870000498,0.89
662,0.869995989,0.89
663,0.869991476,0.89
664,0.869986953,0.89
665,0.86998244,0.89
666,0.869977906,0.89
667,0.869973353,0.89
668,0.869968799,0.89
669,0.869963856,0.89
670,0.869896163,0.89
671,0.869681557,0.89
672,0.869312724,0.89
673,0.868813487,0.89
674,0.868244811,0.89
675,0.86766616,0.89
676,0.867087821,0.89
677,0.866509919,0.89
678,0.865933561,0.89
679,0.865358085,0.89
680,0.864905466,0.89
681,0.86463009,0.89
682,0.864406806,0.89
683,0.864136193,0.89
684,0.863806921,0.88
685,0.863492562,0.87
686,0.863237906,0.87
687,0.863016996,0.87
688,0.862797449,0.87
689,0.862577186,0.87
690,0.862372151,0.87
691,0.862202947,0.87
692,0.862070113,0.87
693,0.86198878,0.87
694,0.861944589,0.87
695,0.861864762,0.87
696,0.861708342,0.87
697,0.861514076,0.87
698,0.861318888,0.87
699,0.861124393,0.87
700,0.860929932,0.87
701,0.860742876,0.87
702,0.860569933,0.87
703,0.860400935,0.87
704,0.860232336,0.87
705,0.860064332,0.87
706,0.859895837,0.87
707,0.859726628,0.87
708,0.859557294,0.87
709,0.859390359,0.87
710,0.859222967,0.87
711,0.859056139,0.87
712,0.858895019,0.87
713,0.858738296,0.87
714,0.858585172,0.87
715,0.85843282,0.87
716,0.858233707,0.87
717,0.857912374,0.87
718,0.857477348,0.87
719,0.856992171,0.87
720,0.856495013,0.87
721,0.855995644,0.87
722,0.855498343,0.87
723,0.855037234,0.87
724,0.854662829,0.87
725,0.854267994,0.87
726,0.853780487,0.87
727,0.85327463,0.87
728,0.852761961,0.87
729,0.852273824,0.8625
730,0.851852501,0.86
731,0.851466549,0.86
732,0.85107896,0.86
733,0.850692337,0.86
734,0.85030613,0.86
735,0.849919578,0.86
736,0.849533009,0.86
737,0.849145845,0.86
738,0.848759768,0.86
739,0.848374854,0.86
740,0.847996947,0.86
741,0.847680638,0.86
742,0.847466496,0.86
743,0.847348565,0.86
744,0.847283816,0.86
745,0.847253992,0.86
746,0.847287814,0.86
747,0.847367763,0.86
748,0.847461782,0.86
749,0.847557799,0.86
750,0.84765377,0.86
751,0.847818738,0.86
752,0.848058763,0.86
753,0.848304892,0.86
754,0.84845843,0.86
755,0.848428063,0.86
756,0.848305877,0.86
757,0.848182954,0.86
758,0.848052389,0.86
759,0.847900248,0.86
760,0.847701819,0.86
761,0.847458856,0.86
762,0.847204081,0.86
763,0.84694599,0.86
764,0.846687389,0.86
765,0.846466517,0.86
766,0.846303162,0.86
767,0.846127143,0.86
768,0.845912473,0.86
769,0.845692286,0.86
770,0.845467163,0.86
771,0.845232245,0.86
772,0.844983107,0.86
773,0.844714114,0.86
774,0.844378246,0.86
775,0.843989603,0.86
776,0.84360274,0.86
777,0.843217756,0.86
778,0.842833023,0.86
779,0.842446807,0.86
780,0.842046524,0.86
781,0.841619746,0.86
782,0.841180655,0.853333333
783,0.84074449,0.85
784,0.840306424,0.85
785,0.839869414,0.85
786,0.839438865,0.85
787,0.839006034,0.85
788,0.838570011,0.85
789,0.838135897,0.85
790,0.837709123,0.85
791,0.83730517,0.85
792,0.836916825,0.85
793,0.836530161,0.85
794,0.836146425,0.85
795,0.835761593,0.85
796,0.835375512,0.85
797,0.834990262,0.85
798,0.83460493,0.85
799,0.834219053,0.85
800,0.833833842,0.85
801,0.833448334,0.85
802,0.833061925,0.85
803,0.832676781,0.85
804,0.832291715,0.85
805,0.831904993,0.85
806,0.831518319,0.85
807,0.831132826,0.85
808,0.830749315,0.85
809,0.830368481,0.85
810,0.829985723,0.845
811,0.829599492,0.84
812,0.829213755,0.84
813,0.828827858,0.84
814,0.828443907,0.84
815,0.828059034,0.84
816,0.827672295,0.84
817,0.82728909,0.84
818,0.826943695,0.84
819,0.82664534,0.84
820,0.82635845,0.84
821,0.82607445,0.84
822,0.825802925,0.84
823,0.82555901,0.84
824,0.82532261,0.84
825,0.825075767,0.84
826,0.824793257,0.84
827,0.824451256,0.84
828,0.824079545,0.84
829,0.823704541,0.84
830,0.823326326,0.84
831,0.822945973,0.84
832,0.822569743,0.84
833,0.822193804,0.84
834,0.821816589,0.84
835,0.82143635,0.84
836,0.821057618,0.84
837,0.820681971,0.84
838,0.820307207,0.84
839,0.819932034,0.84
840,0.819557667,0.84
841,0.819185142,0.84
842,0.818810828,0.825
843,0.81843786,0.82
844,0.81806646,0.82
845,0.817696974,0.82
846,0.817329166,0.82
847,0.816960084,0.82
848,0.816592867,0.82
849,0.81622575,0.82
850,0.815856519,0.82
851,0.815487966,0.82
852,0.815120528,0.82
853,0.814752986,0.82
854,0.81438377,0.82
855,0.814016727,0.82
856,0.813650133,0.82
857,0.81328471,0.82
858,0.812919546,0.82
859,0.812550678,0.82
860,0.812180557,0.82
861,0.811809382,0.82
862,0.811437229,0.82
863,0.811059732,0.82
864,0.810679176,0.82
865,0.810298423,0.82
866,0.80991534,0.82
867,0.809782573,0.82
868,0.809963777,0.82
869,0.810207665,0.82
870,0.8104516,0.82
871,0.810694945,0.82
872,0.81093766,0.82
873,0.811179119,0.82
874,0.811418626,0.82
875,0.811617708,0.82
876,0.811703331,0.82
877,0.811709802,0.82
878,0.811614509,0.82
879,0.81136175,0.82
880,0.81099801,0.82
881,0.810555512,0.82
882,0.810075043,0.82
883,0.80958759,0.82
884,0.809097347,0.82
885,0.808606486,0.82
886,0.808097451,0.82
887,0.807547294,0.82
888,0.806979758,0.815
889,0.806412302,0.81
890,0.805887315,0.81
891,0.805455757,0.81
892,0.805073008,0.81
893,0.804690282,0.81
894,0.804307661,0.81
895,0.803926135,0.81
896,0.803546599,0.81
897,0.803167835,0.81
898,0.802791821,0.81
899,0.802417436,0.81
900,0.802043235,0.81
901,0.801669851,0.81
902,0.801296311,0.81
903,0.800922828,0.81
904,0.800547538,0.81
905,0.800199633,0.81
906,0.799895107,0.81
907,0.799560325,0.81
908,0.799180222,0.81
909,0.798799803,0.81
910,0.798448121,0.81
911,0.798154047,0.81
912,0.797956636,0.81
913,0.797885211,0.81
914,0.79787702,0.81
915,0.797932605,0.81
916,0.798082929,0.81
917,0.798217238,0.81
918,0.798295044,0.81
919,0.79838814,0.81
920,0.798551118,0.81
921,0.798754455,0.81
922,0.798929898,0.81
923,0.799057285,0.81
924,0.799126313,0.81
925,0.799148138,0.81
926,0.799144124,0.81
927,0.799032773,0.81
928,0.798741133,0.81
929,0.798367915,0.81
930,0.797991954,0.81
931,0.797610676,0.81
932,0.797226367,0.81
933,0.796843541,0.81
934,0.796512478,0.81
935,0.796267021,0.81
936,0.795977335,0.8025
937,0.795602066,0.8
938,0.795226054,0.8
939,0.794847788,0.8
940,0.794463259,0.8
941,0.794073737,0.8
942,0.793817692,0.8
943,0.793757165,0.8
944,0.793765665,0.8
945,0.793845289,0.8
946,0.793978417,0.8
947,0.794075591,0.8
948,0.794114971,0.8
949,0.794070589,0.8
950,0.79388298,0.8
951,0.793547846,0.8
952,0.793077245,0.8
953,0.792519984,0.8
954,0.79194879,0.8
955,0.791376735,0.8
956,0.790804106,0.8
957,0.790233282,0.8
958,0.789662501,0.8
959,0.789091576,0.8
960,0.788522335,0.8
961,0.787977602,0.8
962,0.787527941,0.8
963,0.787146887,0.8
964,0.78676574,0.8
965,0.786384766,0.8
966,0.786001615,0.8
967,0.785617721,0.8
968,0.78523416,0.8
969,0.784850604,0.8
970,0.784466991,0.7925
971,0.784084116,0.79
972,0.783701741,0.79
973,0.783318322,0.79
974,0.782935522,0.79
975,0.782553903,0.79
976,0.782171852,0.79
977,0.781788342,0.79
978,0.781404486,0.79
979,0.781021154,0.79
980,0.780637829,0.79
981,0.780255658,0.79
982,0.779873056,0.79
983,0.779489661,0.79
984,0.779105884,0.79
985,0.778720594,0.79
986,0.778337781,0.79
987,0.77795646,0.79
988,0.777573996,0.79
989,0.777191706,0.79
990,0.776808991,0.79
991,0.776426546,0.79
992,0.776044362,0.79
993,0.775661075,0.79
994,0.775278157,0.79
995,0.774896163,0.79
996,0.774513046,0.79
997,0.774129517,0.79
998,0.773747841,0.79
999,0.773366609,0.7825
1000,0.772984224,0.78
1001,0.772603561,0.78
1002,0.77222207,0.78
1003,0.771838701,0.78
1004,0.771456323,0.78
1005,0.771107728,0.78
1006,0.770868494,0.78
1007,0.770778518,0.78
1008,0.770773333,0.78
1009,0.770784702,0.78
1010,0.770867447,0.78
1011,0.771020676,0.78
1012,0.771170859,0.78
1013,0.771268229,0.78
1014,0.771267168,0.78
1015,0.771149822,0.78
1016,0.770973947,0.78
1017,0.770888838,0.78
1018,0.770962749,0.78
1019,0.771147881,0.78
1020,0.77136573,0.78
1021,0.771546353,0.78
1022,0.771673735,0.78
1023,0.77177985,0.78
1024,0.771899949,0.78
1025,0.772088046,0.78
1026,0.772330162,0.78
1027,0.772571825,0.78
1028,0.772813407,0.78
1029,0.773055181,0.78
1030,0.773296693,0.78
1031,0.773538334,0.78
1032,0.77377887,0.7875
1033,0.774018012,0.79
1034,0.774257505,0.79
1035,0.774496894,0.79
1036,0.774735609,0.79
1037,0.774910125,0.79
1038,0.775063416,0.79
1039,0.775269898,0.79
1040,0.775467562,0.79
1041,0.775621545,0.79
1042,0.775752656,0.79
1043,0.775886272,0.79
1044,0.776020391,0.79
1045,0.776165253,0.79
1046,0.77636156,0.79
1047,0.776596943,0.79
1048,0.77683026,0.79
1049,0.777057707,0.79
1050,0.77727597,0.79
1051,0.777469743,0.79
1052,0.777573033,0.79
1053,0.777384743,0.79
1054,0.776887344,0.79
1055,0.776303732,0.79
1056,0.775720768,0.79
1057,0.775289286,0.79
1058,0.775033252,0.79
1059,0.774722378,0.79
1060,0.774348516,0.79
1061,0.77406149,0.79
1062,0.77387171,0.79
1063,0.773709846,0.79
1064,0.773564338,0.79
1065,0.773461265,0.79
1066,0.773391464,0.79
1067,0.773327814,0.79
1068,0.773268306,0.79
1069,0.773164814,0.79
1070,0.773000482,0.7825
1071,0.772823748,0.78
1072,0.772745191,0.78
1073,0.772792583,0.78
1074,0.772858357,0.78
1075,0.77288587,0.78
1076,0.772916724,0.78
1077,0.772886299,0.78
1078,0.772551734,0.78
1079,0.771987849,0.78
1080,0.771405403,0.78
1081,0.7708336,0.78
1082,0.770459468,0.78
1083,0.770365535,0.78
1084,0.770475296,0.78
1085,0.770701468,0.78
1086,0.770934162,0.78
1087,0.771164505,0.78
1088,0.771360112,0.78
1089,0.771355268,0.78
1090,0.770988278,0.78
1091,0.770416288,0.78
1092,0.769834263,0.78
1093,0.76933261,0.78
1094,0.769041628,0.78
1095,0.768966238,0.78
1096,0.768977915,0.78
1097,0.769067234,0.78
1098,0.769263949,0.78
1099,0.769487782,0.78
1100,0.769698726,0.78
1101,0.769869391,0.78
1102,0.769804914,0.78
1103,0.769385117,0.78
1104,0.768808018,0.78
1105,0.768225922,0.78
1106,0.767645408,0.78
1107,0.767066102,0.78
1108,0.766514383,0.78
1109,0.766059904,0.78
1110,0.765673649,0.78
1111,0.765285779,0.78
1112,0.764900022,0.78
1113,0.764501135,0.78
1114,0.764102325,0.78
1115,0.763716645,0.78
1116,0.763328931,0.78
1117,0.762942548,0.78
1118,0.762556401,0.78
1119,0.762170787,0.78
1120,0.761784745,0.78
1121,0.761397867,0.78
1122,0.761011876,0.765
1123,0.76062671,0.76
1124,0.760242801,0.76
1125,0.759859394,0.76
1126,0.759475419,0.76
1127,0.759090058,0.76
1128,0.758702888,0.76
1129,0.758318063,0.76
1130,0.757935157,0.76
1131,0.757552215,0.76
1132,0.757172197,0.76
1133,0.756794745,0.76
1134,0.756416641,0.76
1135,0.756036035,0.76
1136,0.755654548,0.76
1137,0.755274633,0.76
1138,0.754895162,0.76
1139,0.754516751,0.76
1140,0.754139119,0.76
1141,0.753761123,0.76
1142,0.753385953,0.76
1143,0.753009084,0.76
1144,0.752630787,0.76
1145,0.752255385,0.76
1146,0.751880568,0.76
1147,0.751505776,0.76
1148,0.751128376,0.76
1149,0.750745972,0.76
1150,0.75036484,0.76
1151,0.74998395,0.76
1152,0.749599264,0.7525
1153,0.749215068,0.75
1154,0.748832233,0.75
1155,0.748448453,0.75
1156,0.748064377,0.75
1157,0.747681714,0.75
1158,0.747299114,0.75
1159,0.74691588,0.75
1160,0.746531245,0.75
1161,0.746115434,0.75
1162,0.74585093,0.75
1163,0.745796947,0.75
1164,0.745775796,0.75
1165,0.745777847,0.75
1166,0.745713398,0.75
1167,0.745403873,0.75
1168,0.744897839,0.75
1169,0.744341584,0.75
1170,0.743769703,0.75
1171,0.743193508,0.75
1172,0.742615188,0.75
1173,0.742038193,0.75
1174,0.741462537,0.75
1175,0.740886831,0.75
1176,0.740312386,0.75
1177,0.739783919,0.75
1178,0.739350511,0.75
1179,0.738967778,0.75
1180,0.738585961,0.75
1181,0.738204105,0.743333333
1182,0.737820694,0.74
1183,0.737438007,0.74
1184,0.737057703,0.74
1185,0.736676715,0.74
1186,0.736295371,0.74
1187,0.735912465,0.74
1188,0.735527841,0.74
1189,0.735144658,0.74
1190,0.734764208,0.74
1191,0.734527769,0.74
1192,0.73444314,0.74
1193,0.734368018,0.74
1194,0.734295739,0.74
1195,0.73431893,0.74
1196,0.734480327,0.74
1197,0.734635372,0.74
1198,0.734721929,0.74
1199,0.734791263,0.74
1200,0.734922009,0.74
1201,0.735103453,0.74
1202,0.735249105,0.74
1203,0.735295929,0.74
1204,0.735153972,0.74
1205,0.73483254,0.74
1206,0.734446196,0.74
1207,0.734058033,0.74
1208,0.733671039,0.74
1209,0.733286283,0.74
1210,0.732900803,0.74
1211,0.732546199,0.74
1212,0.732341131,0.74
1213,0.732238523,0.74
1214,0.73209596,0.74
1215,0.731893066,0.74
1216,0.731783137,0.74
1217,0.731881497,0.74
1218,0.732079113,0.74
1219,0.732293302,0.74
1220,0.732490027,0.74
1221,0.732659145,0.74
1222,0.732699346,0.74
1223,0.732650481,0.74
1224,0.73247013,0.74
1225,0.732107651,0.74
1226,0.731719651,0.74
1227,0.731331482,0.74
1228,0.730900981,0.74
1229,0.730368843,0.74
1230,0.729782356,0.74
1231,0.729205771,0.74
1232,0.728652035,0.74
1233,0.728131547,0.74
1234,0.727638168,0.74
1235,0.727160504,0.74
1236,0.726715722,0.7325
1237,0.726431048,0.73
1238,0.726338714,0.73
1239,0.726467936,0.73
1240,0.726732674,0.73
1241,0.726970788,0.73
1242,0.727208287,0.7375
1243,0.727446694,0.74
1244,0.727685957,0.74
1245,0.72792492,0.74
1246,0.728163289,0.74
1247,0.728400156,0.74
1248,0.728634323,0.74
1249,0.728748958,0.74
1250,0.728867952,0.74
1251,0.729107246,0.74
1252,0.729344814,0.74
1253,0.729580977,0.74
1254,0.729813985,0.74
1255,0.730043428,0.74
1256,0.730268048,0.74
1257,0.73048405,0.74
1258,0.73066976,0.74
1259,0.730724468,0.74
1260,0.730406948,0.74
1261,0.7298183,0.74
1262,0.729224562,0.74
1263,0.728633999,0.74
1264,0.728042403,0.74
1265,0.727450169,0.74
1266,0.726907702,0.74
1267,0.726463564,0.74
1268,0.726074667,0.7325
1269,0.725687732,0.73
1270,0.725300191,0.73
1271,0.724912998,0.73
1272,0.724523865,0.73
1273,0.724133528,0.73
1274,0.723741384,0.73
1275,0.723349097,0.73
1276,0.722959407,0.73
1277,0.722570617,0.73
1278,0.722180194,0.73
1279,0.721788252,0.73
1280,0.721397688,0.73
1281,0.721007406,0.73
1282,0.720616834,0.73
1283,0.720227343,0.73
1284,0.71984061,0.73
1285,0.719456221,0.73
1286,0.719329241,0.73
1287,0.719508028,0.73
1288,0.719734436,0.73
1289,0.719958478,0.73
1290,0.720145537,0.73
1291,0.720148184,0.73
1292,0.719914674,0.73
1293,0.719559263,0.73
1294,0.719168578,0.73
1295,0.718778524,0.73
1296,0.718389691,0.73
1297,0.718001632,0.73
1298,0.717613224,0.73
1299,0.717224004,0.73
1300,0.716835052,0.73
1301,0.716447527,0.73
1302,0.716060088,0.73
1303,0.715671776,0.73
1304,0.715283071,0.73
1305,0.714894481,0.73
1306,0.714507615,0.715
1307,0.714121514,0.71
1308,0.713734413,0.71
1309,0.713347358,0.71
1310,0.71295997,0.71
1311,0.712571423,0.71
1312,0.71218414,0.71
1313,0.711797453,0.71
1314,0.711410584,0.71
1315,0.711024177,0.71
1316,0.710638606,0.71
1317,0.710253093,0.71
1318,0.709866398,0.71
1319,0.709477847,0.71
1320,0.709090367,0.71
1321,0.708705567,0.71
1322,0.708320597,0.71
1323,0.707933668,0.71
1324,0.707547178,0.71
1325,0.707161696,0.71
1326,0.706774573,0.71
1327,0.706387125,0.71
1328,0.706000559,0.71
1329,0.705615896,0.71
1330,0.705231978,0.71
1331,0.70484718,0.71
1332,0.704460501,0.71
1333,0.704070545,0.71
1334,0.703682063,0.71
1335,0.703243168,0.7025
1336,0.702862159,0.7
1337,0.702727481,0.7
1338,0.70273142,0.7
1339,0.702791304,0.7
1340,0.702943514,0.7
1341,0.703123838,0.7
1342,0.703278196,0.7
1343,0.70339708,0.7
1344,0.703472073,0.7
1345,0.70345971,0.7
1346,0.70324866,0.7
1347,0.702810747,0.7
1348,0.702249245,0.7
1349,0.701657162,0.7
1350,0.70106426,0.7
1351,0.70046973,0.7
1352,0.699877903,0.7
1353,0.699290561,0.7
1354,0.698704943,0.7
1355,0.698354373,0.7
1356,0.698196003,0.7
1357,0.697920603,0.7
1358,0.697501094,0.7
1359,0.696958879,0.7
1360,0.696366759,0.7
1361,0.695828441,0.7
1362,0.695390461,0.7
1363,0.695002368,0.7
1364,0.694613157,0.7
1365,0.694224068,0.7
1366,0.69383424,0.7
1367,0.693444167,0.7
1368,0.693054619,0.7
1369,0.692665556,0.7
1370,0.692277391,0.7
1371,0.691888842,0.69
1372,0.691499259,0.69
1373,0.691108885,0.69
1374,0.690718991,0.69
1375,0.690328512,0.69
1376,0.689937309,0.69
1377,0.689548105,0.69
1378,0.689161378,0.69
1379,0.688774566,0.69
1380,0.688385641,0.69
1381,0.687994995,0.69
1382,0.687603364,0.69
1383,0.687212329,0.69
1384,0.6868209,0.69
1385,0.68643021,0.69
1386,0.686041398,0.69
1387,0.68565236,0.69
1388,0.685263995,0.69
1389,0.684876528,0.69
1390,0.684654268,0.69
1391,0.6844452,0.69
1392,0.684066944,0.69
1393,0.683674082,0.69
1394,0.683286392,0.69
1395,0.682898358,0.69
1396,0.682508002,0.69
1397,0.68211692,0.69
1398,0.681724462,0.69
1399,0.681334037,0.69
1400,0.680944186,0.69
1401,0.680553778,0.6825
1402,0.68016451,0.68
1403,0.679774416,0.68
1404,0.679384255,0.68
1405,0.678995847,0.68
1406,0.678608793,0.68
1407,0.678221608,0.68
1408,0.677833452,0.68
1409,0.677444764,0.68
1410,0.677055617,0.68
1411,0.676666143,0.68
1412,0.676244378,0.68
1413,0.675751627,0.68
1414,0.675469696,0.68
1415,0.675492314,0.68
1416,0.675534248,0.68
1417,0.675532861,0.68
1418,0.675505226,0.68
1419,0.675449641,0.68
1420,0.675405148,0.68
1421,0.675496238,0.68
1422,0.675713971,0.68
1423,0.675942582,0.68
1424,0.67617097,0.68
1425,0.676399164,0.68
1426,0.67662696,0.68
1427,0.676854512,0.68
1428,0.677082145,0.68
1429,0.677308332,0.68
1430,0.677531961,0.68
1431,0.677753808,0.68
1432,0.677972448,0.68
1433,0.678181544,0.68
1434,0.678367414,0.68
1435,0.678518918,0.68
1436,0.67854367,0.68
1437,0.6782055,0.68
1438,0.677605635,0.68
1439,0.67699799,0.68
1440,0.676391426,0.68
1441,0.675786693,0.68
1442,0.675183896,0.68
1443,0.674582711,0.68
1444,0.673976302,0.68
1445,0.67336299,0.68
1446,0.672801812,0.68
1447,0.672350803,0.68
1448,0.67195686,0.68
1449,0.6715653,0.68
1450,0.671175492,0.68
1451,0.670784157,0.68
1452,0.670496102,0.68
1453,0.6703963,0.68
1454,0.670446972,0.68
1455,0.670603441,0.68
1456,0.67078467,0.68
1457,0.670918173,0.68
1458,0.670973439,0.68
1459,0.670978633,0.68
1460,0.670977354,0.68
1461,0.67097329,0.68
1462,0.670931613,0.68
1463,0.670814183,0.68
1464,0.670649741,0.68
1465,0.670472243,0.68
1466,0.670280701,0.68
1467,0.670079138,0.68
1468,0.669875824,0.68
1469,0.669719427,0.68
1470,0.669672754,0.68
1471,0.669628017,0.68
1472,0.669468931,0.68
1473,0.669175759,0.68
1474,0.668790033,0.68
1475,0.668393625,0.68
1476,0.667999864,0.67
1477,0.667606108,0.67
1478,0.667211129,0.67
1479,0.666816063,0.67
1480,0.666421367,0.67
1481,0.666027663,0.67
1482,0.665633354,0.67
1483,0.665240141,0.67
1484,0.664847689,0.67
1485,0.664453084,0.67
1486,0.664056129,0.67
1487,0.66365796,0.67
1488,0.663259117,0.67
1489,0.662861135,0.67
1490,0.662464124,0.67
1491,0.662067539,0.67
1492,0.661672228,0.67
1493,0.661278108,0.67
1494,0.660884407,0.67
1495,0.660728448,0.67
1496,0.660878737,0.67
1497,0.660948817,0.67
1498,0.660703571,0.67
1499,0.66018908,0.67
1500,0.659572466,0.67
1501,0.65895696,0.67
1502,0.658340661,0.67
1503,0.657722704,0.67
1504,0.657106884,0.67
1505,0.656574158,0.67
1506,0.656441178,0.655
1507,0.656635668,0.67
1508,0.656815292,0.67
1509,0.656922918,0.67
1510,0.656951156,0.67
1511,0.657001537,0.67
1512,0.657127372,0.67
1513,0.657254122,0.67
1514,0.657333292,0.67
1515,0.65735884,0.67
1516,0.657317899,0.67
1517,0.657149726,0.67
1518,0.656848403,0.67
1519,0.656441138,0.67
1520,0.655911386,0.655
1521,0.655307745,0.65
1522,0.654693067,0.65
1523,0.654075575,0.65
1524,0.653452236,0.65
1525,0.652880682,0.65
1526,0.652423443,0.65
1527,0.652027009,0.65
1528,0.651630093,0.65
1529,0.651233055,0.65
1530,0.650834997,0.65
1531,0.650435782,0.65
1532,0.650037895,0.65
1533,0.649641002,0.65
1534,0.649243011,0.65
1535,0.64884429,0.65
1536,0.648447948,0.65
1537,0.648227635,0.65
1538,0.64826996,0.65
1539,0.648172746,0.65
1540,0.647810393,0.65
1541,0.647412347,0.65
1542,0.647015409,0.65
1543,0.646617645,0.65
1544,0.646220567,0.65
1545,0.645825006,0.65
1546,0.645428661,0.65
1547,0.645032518,0.65
1548,0.64463771,0.65
1549,0.644239425,0.64
1550,0.64383921,0.64
1551,0.64345407,0.64
1552,0.643185879,0.64
1553,0.643095102,0.64
1554,0.643208642,0.64
1555,0.64344299,0.64
1556,0.643667272,0.64
1557,0.643890701,0.64
1558,0.644112826,0.64
1559,0.644333786,0.6475
1560,0.64455198,0.65
1561,0.644765764,0.65
1562,0.644974708,0.65
1563,0.645167167,0.65
1564,0.645326939,0.65
1565,0.645436685,0.65
1566,0.645333092,0.65
1567,0.644986736,0.65
1568,0.644582358,0.65
1569,0.644179614,0.65
1570,0.643778569,0.64
1571,0.643377839,0.64
1572,0.642975949,0.64
1573,0.642574724,0.64
1574,0.642174795,0.64
1575,0.641774069,0.64
1576,0.641325483,0.64
1577,0.640759169,0.64
1578,0.640338025,0.64
1579,0.640245952,0.64
1580,0.640323918,0.64
1581,0.640421116,0.64
1582,0.640426923,0.64
1583,0.640130139,0.64
1584,0.639580105,0.64
1585,0.639135008,0.64
1586,0.638768147,0.64
1587,0.638260162,0.64
1588,0.637629754,0.64
1589,0.636982993,0.64
1590,0.636348454,0.64
1591,0.635722694,0.64
1592,0.635093506,0.64
1593,0.634468858,0.64
1594,0.633835832,0.64
1595,0.633249204,0.64
1596,0.632782703,0.64
1597,0.632380189,0.64
1598,0.631976389,0.64
1599,0.631574553,0.64
1600,0.63117326,0.6325
1601,0.630771427,0.63
1602,0.630369827,0.63
1603,0.62996846,0.63
1604,0.629566535,0.63
1605,0.629244231,0.63
1606,0.629125916,0.63
1607,0.62915308,0.63
1608,0.629260535,0.63
1609,0.629411188,0.63
1610,0.629521962,0.63
1611,0.629539644,0.63
1612,0.629318029,0.63
1613,0.628924737,0.63
1614,0.628528076,0.63
1615,0.628128486,0.63
1616,0.627732043,0.63
1617,0.627380539,0.63
1618,0.627056215,0.63
1619,0.626755227,0.63
1620,0.626490634,0.63
1621,0.626263809,0.63
1622,0.626186034,0.63
1623,0.626207715,0.63
1624,0.626220137,0.63
1625,0.626260304,0.63
1626,0.626317423,0.63
1627,0.626332542,0.63
1628,0.626294355,0.63
1629,0.626135132,0.63
1630,0.625928372,0.63
1631,0.625702904,0.63
1632,0.625585841,0.63
1633,0.625604997,0.63
1634,0.62555297,0.63
1635,0.625480069,0.63
1636,0.625437628,0.63
1637,0.625414914,0.63
1638,0.625338951,0.63
1639,0.625218097,0.63
1640,0.625170688,0.63
1641,0.625179465,0.63
1642,0.625170362,0.63
1643,0.625152965,0.63
1644,0.625135642,0.63
1645,0.625218341,0.63
1646,0.625354949,0.63
1647,0.625400112,0.63
1648,0.625292264,0.63
1649,0.625004122,0.63
1650,0.624626216,0.63
1651,0.624219718,0.63
1652,0.623793387,0.63
1653,0.623389745,0.63
1654,0.623138132,0.63
1655,0.622852951,0.63
1656,0.622572001,0.63
1657,0.622452469,0.63
1658,0.622376439,0.63
1659,0.622360086,0.63
1660,0.622447252,0.63
1661,0.622632162,0.63
1662,0.622807848,0.63
1663,0.622935024,0.63
1664,0.62286268,0.63
1665,0.622436812,0.63
1666,0.621809276,0.63
1667,0.621164525,0.63
1668,0.620517754,0.63
1669,0.61986268,0.63
1670,0.619199307,0.63
1671,0.618538141,0.6225
1672,0.617880322,0.62
1673,0.617221432,0.62
1674,0.616618173,0.62
1675,0.616139609,0.62
1676,0.615733838,0.62
1677,0.615329752,0.62
1678,0.614928362,0.62
1679,0.61453027,0.62
1680,0.614129674,0.62
1681,0.613730714,0.62
1682,0.613334287,0.62
1683,0.612935816,0.62
1684,0.612535833,0.62
1685,0.612136423,0.62
1686,0.611738132,0.62
1687,0.611338604,0.62
1688,0.610937773,0.62
1689,0.610535712,0.62
1690,0.61013033,0.62
1691,0.609725383,0.62
1692,0.609319345,0.62
1693,0.608911586,0.62
1694,0.608521232,0.62
1695,0.608409164,0.62
1696,0.608588956,0.62
1697,0.608798727,0.62
1698,0.609008508,0.62
1699,0.60921758,0.62
1700,0.609424657,0.62
1701,0.609627859,0.62
1702,0.609822322,0.62
1703,0.610000679,0.62
1704,0.610158664,0.62
1705,0.610299621,0.62
1706,0.610375412,0.62
1707,0.610376922,0.62
1708,0.610189912,0.62
1709,0.609804906,0.62
1710,0.609394299,0.62
1711,0.608983297,0.62
1712,0.608573662,0.62
1713,0.608164004,0.62
1714,0.607754152,0.62
1715,0.60734508,0.62
1716,0.606935832,0.62
1717,0.606524734,0.62
1718,0.606123327,0.605
1719,0.605998371,0.6
1720,0.606170643,0.6
1721,0.606356821,0.6
1722,0.606518184,0.62
1723,0.606559516,0.62
1724,0.606381422,0.62
1725,0.606223349,0.605
1726,0.606242668,0.6
1727,0.606331925,0.6
1728,0.606440208,0.62
1729,0.606526468,0.62
1730,0.606604422,0.62
1731,0.606743145,0.62
1732,0.606918293,0.62
1733,0.607072819,0.62
1734,0.607202712,0.62
1735,0.607301758,0.62
1736,0.607358537,0.62
1737,0.607235588,0.62
1738,0.606774739,0.62
1739,0.606119885,0.62
1740,0.605447449,0.605
1741,0.604772006,0.6
1742,0.604105873,0.6
1743,0.603440683,0.6
1744,0.602772413,0.6
1745,0.602108087,0.6
1746,0.601446431,0.6
1747,0.60084872,0.6
1748,0.600379837,0.6
1749,0.599975508,0.6
1750,0.599568623,0.6
1751,0.599162297,0.6
1752,0.598757851,0.6
1753,0.598352896,0.6
1754,0.597948057,0.6
1755,0.597542349,0.6
1756,0.597135336,0.6
1757,0.59673039,0.6
1758,0.596324141,0.6
1759,0.595916146,0.6
1760,0.595510666,0.6
1761,0.595105382,0.6
1762,0.594698895,0.6
1763,0.594296547,0.6
1764,0.593898465,0.6
1765,0.593499009,0.6
1766,0.593101329,0.5925
1767,0.592704465,0.59
1768,0.592305276,0.59
1769,0.591915175,0.59
1770,0.591563317,0.59
1771,0.591239777,0.59
1772,0.590876534,0.59
1773,0.590476279,0.59
1774,0.590077185,0.59
1775,0.58967666,0.59
1776,0.589275953,0.59
1777,0.58887575,0.59
1778,0.588474867,0.59
1779,0.588074197,0.59
1780,0.587674992,0.59
1781,0.587275021,0.59
1782,0.586875028,0.59
1783,0.586477478,0.59
1784,0.586079674,0.59
1785,0.58568029,0.59
1786,0.585281734,0.59
1787,0.584881329,0.59
1788,0.584482856,0.59
1789,0.584088916,0.59
1790,0.583695003,0.59
1791,0.583298083,0.59
1792,0.582901149,0.59
1793,0.582505362,0.59
1794,0.582109003,0.59
1795,0.581712895,0.5825
1796,0.581316958,0.58
1797,0.580923667,0.58
1798,0.580487826,0.58
1799,0.579936162,0.58
1800,0.579313093,0.58
1801,0.57868794,0.58
1802,0.578060687,0.58
1803,0.577435015,0.58
1804,0.576808656,0.58
1805,0.576181969,0.58
1806,0.575557474,0.58
1807,0.574932315,0.58
1808,0.574366461,0.58
1809,0.573918013,0.58
1810,0.57352663,0.58
1811,0.573133764,0.58
1812,0.572740143,0.58
1813,0.572347716,0.58
1814,0.571954752,0.58
1815,0.571562106,0.58
1816,0.571169778,0.58
1817,0.570777469,0.58
1818,0.570386727,0.58
1819,0.569995977,0.58
1820,0.569603546,0.5725
1821,0.569209747,0.57
1822,0.568816785,0.57
1823,0.568425066,0.57
1824,0.568033798,0.57
1825,0.567642758,0.57
1826,0.567252132,0.57
1827,0.566858043,0.57
1828,0.566464248,0.57
1829,0.566075082,0.57
1830,0.565709325,0.57
1831,0.565465731,0.57
1832,0.565313773,0.57
1833,0.565088046,0.57
1834,0.564745515,0.57
1835,0.564352075,0.57
1836,0.563963831,0.57
1837,0.563576714,0.57
1838,0.563195548,0.57
1839,0.563057332,0.57
1840,0.563217704,0.57
1841,0.563443717,0.57
1842,0.563669718,0.57
1843,0.563895256,0.57
1844,0.564120589,0.57
1845,0.564345688,0.57
1846,0.564569973,0.57
1847,0.564793261,0.57
1848,0.56501533,0.57
1849,0.565235465,0.57
1850,0.565454108,0.57
1851,0.565670185,0.57
1852,0.56586935,0.57
1853,0.565969541,0.57
1854,0.565979861,0.57
1855,0.566064734,0.57
1856,0.566243416,0.57
1857,0.566409302,0.57
1858,0.56652754,0.57
1859,0.566611058,0.57
1860,0.566675937,0.57
1861,0.566731795,0.57
1862,0.566779627,0.57
1863,0.566807446,0.57
1864,0.566766311,0.57
1865,0.566513515,0.57
1866,0.565992484,0.57
1867,0.565364896,0.57
1868,0.564757547,0.57
1869,0.564526723,0.57
1870,0.564657789,0.57
1871,0.564776505,0.57
1872,0.564850012,0.57
1873,0.56487158,0.57
1874,0.564878704,0.57
1875,0.564896594,0.57
1876,0.564914227,0.57
1877,0.564923277,0.57
1878,0.564923059,0.57
1879,0.564918507,0.57
1880,0.56491387,0.57
1881,0.564909113,0.57
1882,0.564909726,0.57
1883,0.564942449,0.57
1884,0.565025898,0.57
1885,0.565087254,0.57
1886,0.565102751,0.57
1887,0.565118803,0.57
1888,0.565141952,0.57
1889,0.565170883,0.57
1890,0.565197138,0.57
1891,0.565213912,0.57
1892,0.565251807,0.57
1893,0.565305281,0.57
1894,0.565329575,0.57
1895,0.565332341,0.57
1896,0.565328426,0.57
1897,0.565318254,0.57
1898,0.565299929,0.57
1899,0.565277526,0.57
1900,0.5652655,0.57
1901,0.565276165,0.57
1902,0.565316807,0.57
1903,0.565344905,0.57
1904,0.565311295,0.57
1905,0.565202613,0.57
1906,0.565068494,0.57
1907,0.564983471,0.57
1908,0.564830594,0.57
1909,0.564605451,0.57
1910,0.564490718,0.57
1911,0.564446809,0.57
1912,0.564378315,0.57
1913,0.564285445,0.57
1914,0.564177909,0.57
1915,0.564052283,0.57
1916,0.563954728,0.57
1917,0.563915634,0.57
1918,0.563846736,0.57
1919,0.563694768,0.57
1920,0.563482688,0.57
1921,0.563245184,0.57
1922,0.563018982,0.57
1923,0.562885723,0.57
1924,0.56292968,0.57
1925,0.563111567,0.57
1926,0.563329873,0.57
1927,0.563545864,0.57
1928,0.563755842,0.57
1929,0.563958544,0.57
1930,0.564146623,0.57
1931,0.56431051,0.57
1932,0.564449794,0.57
1933,0.564559881,0.57
1934,0.564594909,0.57
1935,0.564350034,0.57
1936,0.563804297,0.57
1937,0.56317932,0.57
1938,0.562553903,0.57
1939,0.561928789,0.57
1940,0.561304017,0.57
1941,0.560680887,0.57
1942,0.560060283,0.57
1943,0.559445448,0.57
1944,0.558844777,0.57
1945,0.558302932,0.57
1946,0.557859214,0.57
1947,0.557464629,0.57
1948,0.55707119,0.57
1949,0.556678869,0.5625
1950,0.556285354,0.56
1951,0.555891182,0.56
1952,0.555496209,0.56
1953,0.555100896,0.56
1954,0.554707027,0.56
1955,0.554315006,0.56
1956,0.553923334,0.56
1957,0.553530891,0.56
1958,0.553139836,0.56
1959,0.552748204,0.56
1960,0.552356005,0.56
1961,0.551963066,0.56
1962,0.551571108,0.56
1963,0.551180547,0.56
1964,0.550789308,0.56
1965,0.550397642,0.56
1966,0.550005746,0.56
1967,0.54961534,0.56
1968,0.549225016,0.56
1969,0.548834367,0.56
1970,0.548443747,0.56
1971,0.548052987,0.56
1972,0.547662242,0.56
1973,0.54727245,0.56
1974,0.546881406,0.56
1975,0.546488581,0.56
1976,0.546097577,0.56
1977,0.545707176,0.56
1978,0.545316469,0.545
1979,0.544925564,0.54
1980,0.544536661,0.54
1981,0.544150052,0.54
1982,0.543761971,0.54
1983,0.543373054,0.54
1984,0.542984765,0.54
1985,0.542596833,0.54
1986,0.54220967,0.54
1987,0.541822848,0.54
1988,0.541435356,0.54
1989,0.54104894,0.54
1990,0.540662949,0.54
1991,0.540277316,0.54
1992,0.539891088,0.54
1993,0.539503217,0.54
1994,0.539116212,0.54
1995,0.538729131,0.54
1996,0.538341179,0.54
1997,0.53793249,0.54
1998,0.537448649,0.54
1999,0.536905102,0.54
2000,0.536361167,0.54
2001,0.53582297,0.54
2002,0.535287885,0.54
2003,0.534755753,0.54
2004,0.534227019,0.54
2005,0.533700613,0.53
2006,0.533174298,0.53
2007,0.532677976,0.53
2008,0.532252928,0.53
2009,0.531869313,0.53
2010,0.531486579,0.53
2011,0.53110341,0.53
2012,0.530719931,0.53
2013,0.53033751,0.53
2014,0.529953824,0.53
2015,0.529569789,0.53
2016,0.529186901,0.53
2017,0.528802885,0.53
2018,0.528419666,0.53
2019,0.528037738,0.53
2020,0.527654443,0.53
2021,0.527270566,0.53
2022,0.526885953,0.53
2023,0.526501358,0.53
2024,0.526117531,0.53
2025,0.52573359,0.53
2026,0.525349745,0.53
2027,0.524966601,0.53
2028,0.524584291,0.53
2029,0.524202693,0.53
2030,0.523820089,0.53
2031,0.523436272,0.53
2032,0.523054085,0.52
2033,0.522673587,0.52
2034,0.522323477,0.52
2035,0.522038763,0.52
2036,0.521992452,0.52
2037,0.522183271,0.52
2038,0.522408019,0.52
2039,0.522632918,0.52
2040,0.522857882,0.52
2041,0.523082803,0.52
2042,0.523308108,0.53
2043,0.523533595,0.53
2044,0.523759179,0.53
2045,0.523985169,0.53
2046,0.524211497,0.53
2047,0.5244383,0.53
2048,0.524665179,0.53
2049,0.524892203,0.53
2050,0.525120007,0.53
2051,0.52534789,0.53
2052,0.525575786,0.53
2053,0.525804168,0.53
2054,0.526032697,0.53
2055,0.526261166,0.53
2056,0.526489874,0.53
2057,0.526718658,0.53
2058,0.526946771,0.53
2059,0.527175331,0.53
2060,0.527403823,0.53
2061,0.527632056,0.53
2062,0.527855126,0.53
2063,0.528072596,0.53
2064,0.528289933,0.53
2065,0.528506405,0.53
2066,0.528697284,0.53
2067,0.528797065,0.53
2068,0.528813072,0.53
2069,0.528810869,0.53
2070,0.528848644,0.53
2071,0.528996206,0.53
2072,0.529212506,0.53
2073,0.529426967,0.53
2074,0.529638813,0.53
2075,0.529839195,0.53
2076,0.52997957,0.53
2077,0.530023943,0.53
2078,0.530017459,0.53
2079,0.529980895,0.53
2080,0.529905937,0.53
2081,0.52982548,0.53
2082,0.529788775,0.53
2083,0.529812796,0.53
2084,0.529849252,0.53
2085,0.529861737,0.53
2086,0.529853064,0.53
2087,0.529801576,0.53
2088,0.529709896,0.53
2089,0.52964472,0.53
2090,0.529618318,0.53
2091,0.529615847,0.53
2092,0.529682807,0.53
2093,0.529820931,0.53
2094,0.52997065,0.53
2095,0.530101674,0.53
2096,0.530215641,0.53
2097,0.530277392,0.53
2098,0.530211001,0.53
2099,0.530033152,0.53
2100,0.529826334,0.53
2101,0.529644157,0.53
2102,0.529529606,0.53
2103,0.529466194,0.53
2104,0.529430046,0.53
2105,0.529425082,0.53
2106,0.529451848,0.53
2107,0.529498007,0.53
2108,0.52954354,0.53
2109,0.529584626,0.53
2110,0.529619462,0.53
2111,0.529650591,0.53
2112,0.529709486,0.53
2113,0.529844202,0.53
2114,0.529974804,0.53
2115,0.529962832,0.53
2116,0.529688017,0.53
2117,0.529214383,0.53
2118,0.528721379,0.53
2119,0.528442519,0.53
2120,0.528418542,0.53
2121,0.528540423,0.53
2122,0.528756026,0.53
2123,0.528913516,0.53
2124,0.529000924,0.53
2125,0.529102184,0.53
2126,0.529235845,0.53
2127,0.529375246,0.53
2128,0.529516601,0.53
2129,0.529654942,0.53
2130,0.52978899,0.53
2131,0.52992148,0.53
2132,0.530054644,0.53
2133,0.530225267,0.53
2134,0.530438493,0.53
2135,0.53065719,0.53
2136,0.530873262,0.53
2137,0.531078999,0.53
2138,0.531251752,0.53
2139,0.531363762,0.53
2140,0.531268608,0.53
2141,0.530828878,0.53
2142,0.530217475,0.53
2143,0.529607631,0.53
2144,0.528997056,0.53
2145,0.528387647,0.53
2146,0.527778758,0.53
2147,0.527170304,0.53
2148,0.526562606,0.53
2149,0.525956188,0.53
2150,0.5254035,0.53
2151,0.524957045,0.53
2152,0.524566999,0.53
2153,0.524177634,0.53
2154,0.523787196,0.53
2155,0.523397331,0.53
2156,0.523022112,0.53
2157,0.522807064,0.53
2158,0.522785974,0.53
2159,0.522869633,0.53
2160,0.5230107,0.53
2161,0.523163815,0.53
2162,0.523352618,0.53
2163,0.523567025,0.53
2164,0.523779835,0.53
2165,0.523985338,0.53
2166,0.524175431,0.53
2167,0.524337342,0.53
2168,0.524466269,0.53
2169,0.524545952,0.53
2170,0.524426095,0.53
2171,0.524091958,0.53
2172,0.523707845,0.53
2173,0.523318607,0.53
2174,0.522927997,0.53
2175,0.522540739,0.53
2176,0.522152694,0.53
2177,0.521763036,0.53
2178,0.521373254,0.53
2179,0.520983891,0.53
2180,0.520594964,0.53
2181,0.520206891,0.5225
2182,0.519819455,0.52
2183,0.519431345,0.52
2184,0.519041989,0.52
2185,0.518652211,0.52
2186,0.518263378,0.52
2187,0.517874436,0.52
2188,0.517486659,0.52
2189,0.517100197,0.52
2190,0.516713557,0.52
2191,0.516325645,0.52
2192,0.51593849,0.52
2193,0.515551901,0.52
2194,0.515164982,0.52
2195,0.514779569,0.52
2196,0.514394387,0.52
2197,0.514007914,0.52
2198,0.513620389,0.52
2199,0.513234232,0.52
2200,0.512848517,0.52
2201,0.512462867,0.52
2202,0.512079251,0.52
2203,0.511694779,0.52
2204,0.511308866,0.52
2205,0.510923016,0.52
2206,0.510536411,0.52
2207,0.510144564,0.52
2208,0.509855985,0.52
2209,0.509726124,0.52
2210,0.509484015,0.52
2211,0.509077991,0.52
2212,0.508677807,0.5125
2213,0.508282056,0.51
2214,0.507977025,0.51
2215,0.507990814,0.51
2216,0.508224573,0.51
2217,0.508451936,0.51
2218,0.508679047,0.51
2219,0.508848181,0.51
2220,0.508855764,0.51
2221,0.508710472,0.51
2222,0.508514638,0.51
2223,0.508318031,0.51
2224,0.50811912,0.51
2225,0.507912798,0.51
2226,0.50769994,0.51
2227,0.507482681,0.51
2228,0.507316947,0.51
2229,0.507219936,0.51
2230,0.507089769,0.51
2231,0.506909827,0.51
2232,0.506727443,0.51
2233,0.506604793,0.51
2234,0.506553413,0.51
2235,0.506473998,0.51
2236,0.506336157,0.51
2237,0.5061658,0.51
2238,0.505980213,0.51
2239,0.505792336,0.51
2240,0.505605597,0.51
2241,0.505418868,0.51
2242,0.505229958,0.51
2243,0.505042541,0.51
2244,0.504856376,0.51
2245,0.504668158,0.51
2246,0.504480112,0.51
2247,0.50429357,0.51
2248,0.50410634,0.51
2249,0.503918041,0.51
2250,0.503731752,0.51
2251,0.503544265,0.51
2252,0.503346877,0.51
2253,0.503144736,0.51
2254,0.502948091,0.51
2255,0.502818778,0.51
2256,0.502784441,0.51
2257,0.502854558,0.51
2258,0.503012093,0.51
2259,0.503173521,0.51
2260,0.503362765,0.51
2261,0.503585087,0.51
2262,0.503797391,0.51
2263,0.503997324,0.51
2264,0.504168777,0.51
2265,0.50428495,0.51
2266,0.504337298,0.51
2267,0.504234583,0.51
2268,0.503890219,0.51
2269,0.50336328,0.51
2270,0.502769038,0.51
2271,0.502173085,0.51
2272,0.501579268,0.51
2273,0.500988366,0.51
2274,0.500399527,0.51
2275,0.499809644,0.51
2276,0.499235147,0.51
2277,0.498690133,0.51
2278,0.498210846,0.51
2279,0.4978064,0.51
2280,0.497421778,0.495
2281,0.497036444,0.49
2282,0.496649956,0.49
2283,0.496264711,0.49
2284,0.495881232,0.49
2285,0.495497243,0.49
2286,0.495122129,0.49
2287,0.494880863,0.49
2288,0.494790325,0.49
2289,0.494856204,0.49
2290,0.495053135,0.49
2291,0.495208046,0.49
2292,0.495250956,0.49
2293,0.495051511,0.49
2294,0.494671147,0.49
2295,0.494283401,0.49
2296,0.493898451,0.49
2297,0.493515984,0.49
2298,0.493133326,0.49
2299,0.492749434,0.49
2300,0.492364452,0.49
2301,0.491981327,0.49
2302,0.491599217,0.49
2303,0.49121545,0.49
2304,0.490831924,0.49
2305,0.490449296,0.49
2306,0.490066291,0.49
2307,0.489681885,0.49
2308,0.489297406,0.49
2309,0.488914146,0.49
2310,0.488530664,0.49
2311,0.488146403,0.49
2312,0.487762504,0.49
2313,0.48738605,0.49
2314,0.487012158,0.49
2315,0.486626276,0.49
2316,0.486235923,0.4825
2317,0.48585592,0.48
2318,0.485478019,0.48
2319,0.48509519,0.48
2320,0.484711543,0.48
2321,0.484324865,0.48
2322,0.483939742,0.48
2323,0.483558841,0.48
2324,0.483178859,0.48
2325,0.482797349,0.48
2326,0.482416004,0.48
2327,0.482033601,0.48
2328,0.481653662,0.48
2329,0.481279454,0.48
2330,0.480906074,0.48
2331,0.48053394,0.48
2332,0.480164748,0.48
2333,0.47979785,0.48
2334,0.479433267,0.48
2335,0.479068177,0.48
2336,0.47870294,0.48
2337,0.478337952,0.48
2338,0.477970001,0.48
2339,0.477599359,0.48
2340,0.477233499,0.48
2341,0.476873497,0.48
2342,0.476515721,0.48
2343,0.476201581,0.48
2344,0.476197106,0.48
2345,0.476416263,0.48
2346,0.476563859,0.48
2347,0.476669011,0.48
2348,0.476651004,0.48
2349,0.47639209,0.48
2350,0.475992233,0.48
2351,0.47558866,0.48
2352,0.475185165,0.47
2353,0.474784273,0.47
2354,0.474390417,0.47
2355,0.473993907,0.47
2356,0.473600633,0.47
2357,0.47321361,0.47
2358,0.472829707,0.47
2359,0.472448278,0.47
2360,0.472066086,0.47
2361,0.471682841,0.47
2362,0.471304069,0.47
2363,0.470934363,0.47
2364,0.470565739,0.47
2365,0.470195431,0.47
2366,0.469824104,0.47
2367,0.469453048,0.47
2368,0.469081237,0.47
2369,0.46871331,0.47
2370,0.468348265,0.47
2371,0.467980009,0.47
2372,0.467615636,0.47
2373,0.467258273,0.47
2374,0.466899994,0.47
2375,0.466540331,0.47
2376,0.466182016,0.47
2377,0.465821524,0.47
2378,0.465463549,0.47
2379,0.465107996,0.47
2380,0.464751543,0.47
2381,0.464394809,0.47
2382,0.464036564,0.46
2383,0.463680546,0.46
2384,0.463326276,0.46
2385,0.462971026,0.46
2386,0.462615624,0.46
2387,0.462261112,0.46
2388,0.461906034,0.46
2389,0.461548529,0.46
2390,0.461192929,0.46
2391,0.460839323,0.46
2392,0.460483846,0.46
2393,0.460131049,0.46
2394,0.459779023,0.46
2395,0.459425863,0.46
2396,0.459072775,0.46
2397,0.458719468,0.46
2398,0.458366258,0.46
2399,0.45801324,0.46
2400,0.457661046,0.46
2401,0.45730779,0.46
2402,0.45695672,0.46
2403,0.456606245,0.46
2404,0.456256238,0.46
2405,0.455905721,0.46
2406,0.455555481,0.46
2407,0.45529537,0.46
2408,0.455192187,0.46
2409,0.455187924,0.46
2410,0.455210689,0.46
2411,0.455229479,0.46
2412,0.455242994,0.46
2413,0.455253238,0.46
2414,0.455294553,0.46
2415,0.455358422,0.46
2416,0.455437801,0.46
2417,0.455601582,0.46
2418,0.455822895,0.46
2419,0.456039602,0.46
2420,0.456251564,0.46
2421,0.456413682,0.46
2422,0.456313006,0.46
2423,0.455861369,0.46
2424,0.455276636,0.46
2425,0.454693379,0.46
2426,0.454107836,0.46
2427,0.453520789,0.46
2428,0.452942548,0.4525
2429,0.45238421,0.45
2430,0.451838838,0.45
2431,0.451301804,0.45
2432,0.450807968,0.45
2433,0.450388224,0.45
2434,0.450007941,0.45
2435,0.449629251,0.45
2436,0.449249265,0.45
2437,0.44886991,0.45
2438,0.448491218,0.45
2439,0.448109095,0.45
2440,0.447726774,0.45
2441,0.447347902,0.45
2442,0.446968884,0.45
2443,0.446588654,0.45
2444,0.446208097,0.45
2445,0.445827778,0.45
2446,0.445449059,0.45
2447,0.445072132,0.45
2448,0.444692709,0.45
2449,0.444311908,0.45
2450,0.443934648,0.45
2451,0.443557635,0.45
2452,0.443177415,0.45
2453,0.44279436,0.45
2454,0.442411959,0.45
2455,0.442032315,0.43
2456,0.441653163,0.43
2457,0.441275154,0.43
2458,0.440897675,0.43
2459,0.440518356,0.43
2460,0.440140982,0.43
2461,0.439762962,0.43
2462,0.439386865,0.43
2463,0.439011869,0.43
2464,0.438637408,0.43
2465,0.438262516,0.43
2466,0.437882315,0.43
2467,0.437501276,0.43
2468,0.437125942,0.43
2469,0.436752412,0.43
2470,0.43637539,0.43
2471,0.435998988,0.43
2472,0.435620115,0.43
2473,0.435240604,0.43
2474,0.434865187,0.43
2475,0.434489679,0.43
2476,0.434110939,0.43
2477,0.433732767,0.43
2478,0.433351352,0.43
2479,0.432966155,0.43
2480,0.432584476,0.43
2481,0.432204855,0.43
2482,0.431826633,0.43
2483,0.431451993,0.43
2484,0.431076984,0.4225
2485,0.430703611,0.42
2486,0.430473096,0.42
2487,0.430431126,0.42
2488,0.430538089,0.42
2489,0.430752585,0.42
2490,0.430972925,0.42
2491,0.431189214,0.42
2492,0.431404079,0.43
2493,0.431618113,0.43
2494,0.431827998,0.43
2495,0.432031375,0.43
2496,0.432151322,0.43
2497,0.431946092,0.43
2498,0.431734632,0.43
2499,0.431814781,0.43
2500,0.431763108,0.43
2501,0.431352961,0.43
2502,0.430769325,0.4225
2503,0.430185666,0.42
2504,0.429604091,0.42
2505,0.429025684,0.42
2506,0.428485834,0.42
2507,0.428003786,0.42
2508,0.427541365,0.42
2509,0.42708429,0.42
2510,0.426648327,0.42
2511,0.42624881,0.42
2512,0.425870692,0.42
2513,0.425529652,0.42
2514,0.425273534,0.42
2515,0.425082084,0.42
2516,0.424957745,0.42
2517,0.424993306,0.42
2518,0.425168804,0.42
2519,0.425368915,0.42
2520,0.425542699,0.42
2521,0.425666463,0.42
2522,0.425698001,0.42
2523,0.425506893,0.42
2524,0.425147911,0.42
2525,0.424779271,0.42
2526,0.424406105,0.42
2527,0.424028924,0.42
2528,0.423650476,0.42
2529,0.423272791,0.42
2530,0.422894957,0.42
2531,0.422518698,0.42
2532,0.422141365,0.42
2533,0.4217621,0.42
2534,0.421384588,0.42
2535,0.421007449,0.42
2536,0.420629526,0.42
2537,0.420252197,0.42
2538,0.419874171,0.42
2539,0.41949643,0.41
2540,0.419120029,0.41
2541,0.418822916,0.41
2542,0.418642075,0.41
2543,0.418449521,0.41
2544,0.418443011,0.41
2545,0.418564184,0.41
2546,0.418505702,0.41
2547,0.418260363,0.41
2548,0.417896243,0.41
2549,0.417672621,0.41
2550,0.417720766,0.41
2551,0.417814623,0.41
2552,0.417750186,0.41
2553,0.417491009,0.41
2554,0.417113571,0.41
2555,0.416750441,0.41
2556,0.41661262,0.41
2557,0.41664467,0.41
2558,0.416495628,0.41
2559,0.416179379,0.41
2560,0.415942797,0.41
2561,0.415620651,0.41
2562,0.41514403,0.41
2563,0.414790676,0.41
2564,0.4145222,0.41
2565,0.414292982,0.41
2566,0.41427411,0.41
2567,0.414313328,0.41
2568,0.414180434,0.41
2569,0.413975312,0.41
2570,0.413757678,0.41
2571,0.413548394,0.41
2572,0.413374732,0.41
2573,0.413237322,0.41
2574,0.413182229,0.41
2575,0.413118253,0.41
2576,0.41275914,0.41
2577,0.41218026,0.41
2578,0.411645827,0.41
2579,0.411287169,0.41
2580,0.411006544,0.41
2581,0.410624205,0.41
2582,0.410307745,0.41
2583,0.4100105,0.41
2584,0.409627178,0.41
2585,0.409319212,0.41
2586,0.409085106,0.41
2587,0.408968442,0.4
2588,0.408897637,0.4
2589,0.408673353,0.4
2590,0.40825806,0.4
2591,0.407730129,0.4
2592,0.407244214,0.4
2593,0.406889218,0.4
2594,0.406524512,0.4
2595,0.406124128,0.4
2596,0.405796012,0.4
2597,0.405622444,0.4
2598,0.405570677,0.4
2599,0.405410844,0.4
2600,0.405038873,0.4
2601,0.404535692,0.4
2602,0.404015892,0.4
2603,0.403536449,0.4
2604,0.403059364,0.4
2605,0.402552677,0.4
2606,0.402052877,0.4
2607,0.401564549,0.4
2608,0.40111231,0.4
2609,0.400708969,0.4
2610,0.400328747,0.4
2611,0.399950029,0.4
2612,0.399571737,0.4
2613,0.399193399,0.4
2614,0.398814517,0.4
2615,0.398435338,0.4
2616,0.398057084,0.4
2617,0.397680696,0.3925
2618,0.397303517,0.39
2619,0.396924989,0.39
2620,0.396547589,0.39
2621,0.396271768,0.39
2622,0.396073271,0.39
2623,0.395777592,0.39
2624,0.395403914,0.39
2625,0.395024614,0.39
2626,0.394644064,0.39
2627,0.394263163,0.39
2628,0.393883925,0.39
2629,0.393502985,0.39
2630,0.393120029,0.39
2631,0.392755525,0.39
2632,0.392594631,0.39
2633,0.392726587,0.39
2634,0.392953157,0.39
2635,0.393164762,0.39
2636,0.393369018,0.39
2637,0.393563246,0.39
2638,0.393738114,0.39
2639,0.39388757,0.39
2640,0.394011693,0.39
2641,0.394105612,0.39
2642,0.39415671,0.39
2643,0.3940371,0.39
2644,0.393717686,0.39
2645,0.393341844,0.39
2646,0.392962591,0.39
2647,0.392581414,0.39
2648,0.392201589,0.39
2649,0.391823642,0.39
2650,0.391444954,0.39
2651,0.391066701,0.39
2652,0.390690153,0.39
2653,0.390311374,0.39
2654,0.389993998,0.39
2655,0.389913151,0.39
2656,0.389978387,0.39
2657,0.390014763,0.39
2658,0.39005554,0.39
2659,0.390144379,0.39
2660,0.390307603,0.39
2661,0.39049123,0.39
2662,0.390640215,0.39
2663,0.390751735,0.39
2664,0.390827094,0.39
2665,0.390890519,0.39
2666,0.390969341,0.39
2667,0.391042278,0.39
2668,0.391078112,0.39
2669,0.391079765,0.39
2670,0.391055286,0.39
2671,0.390926511,0.39
2672,0.390792665,0.39
2673,0.390761179,0.39
2674,0.390751928,0.39
2675,0.390743964,0.39
2676,0.390703095,0.39
2677,0.390596492,0.39
2678,0.390427837,0.39
2679,0.390081618,0.39
2680,0.389538436,0.39
2681,0.388948927,0.39
2682,0.388359961,0.39
2683,0.387771168,0.39
2684,0.387182134,0.39
2685,0.386592107,0.39
2686,0.386007313,0.37
2687,0.385424951,0.37
2688,0.384903639,0.37
2689,0.384509991,0.37
2690,0.384298728,0.37
2691,0.384261157,0.37
2692,0.3842893,0.37
2693,0.384349924,0.37
2694,0.384440094,0.37
2695,0.384568337,0.37
2696,0.384747534,0.37
2697,0.384937249,0.37
2698,0.385096835,0.37
2699,0.385114308,0.37
2700,0.384872974,0.37
2701,0.384493511,0.37
2702,0.384111958,0.37
2703,0.383729892,0.37
2704,0.383350561,0.37
2705,0.382971864,0.37
2706,0.382591878,0.37
2707,0.382210993,0.37
2708,0.38182911,0.37
2709,0.381448366,0.37
2710,0.381068965,0.37
2711,0.380689778,0.37
2712,0.380309629,0.37
2713,0.379927755,0.37
2714,0.379544653,0.37
2715,0.379162858,0.37
2716,0.378782906,0.37
2717,0.37840221,0.37
2718,0.37802174,0.37
2719,0.377643216,0.37
2720,0.377266037,0.37
2721,0.376887647,0.37
2722,0.376507237,0.37
2723,0.376127216,0.37
2724,0.375748587,0.37
2725,0.375370269,0.37
2726,0.374989571,0.3625
2727,0.374609041,0.36
2728,0.374228965,0.36
2729,0.373846978,0.36
2730,0.37346548,0.36
2731,0.3730854,0.36
2732,0.372704201,0.36
2733,0.372322645,0.36
2734,0.371940918,0.36
2735,0.371560461,0.36
2736,0.371180195,0.36
2737,0.370799408,0.36
2738,0.370419111,0.36
2739,0.37002157,0.36
2740,0.369602139,0.36
2741,0.369181352,0.36
2742,0.368763445,0.36
2743,0.368345213,0.36
2744,0.367921723,0.36
2745,0.367501693,0.36
2746,0.367086424,0.36
2747,0.366669943,0.36
2748,0.366510501,0.36
2749,0.366593708,0.36
2750,0.366672627,0.36
2751,0.366724159,0.36
2752,0.366691417,0.36
2753,0.36664842,0.36
2754,0.366645144,0.36
2755,0.366598591,0.36
2756,0.36645553,0.36
2757,0.366184417,0.36
2758,0.365918805,0.36
2759,0.365709669,0.36
2760,0.365448594,0.36
2761,0.36523413,0.36
2762,0.365220462,0.36
2763,0.365381276,0.36
2764,0.365534826,0.36
2765,0.365519566,0.36
2766,0.365183431,0.36
2767,0.364623715,0.36
2768,0.364116004,0.36
2769,0.363684946,0.36
2770,0.36331617,0.35
2771,0.363018671,0.35
2772,0.362784297,0.35
2773,0.362598854,0.35
2774,0.362384676,0.35
2775,0.362139769,0.35
2776,0.361893394,0.35
2777,0.36171165,0.35
2778,0.361719305,0.35
2779,0.36172137,0.35
2780,0.361579778,0.35
2781,0.361416698,0.35
2782,0.361300251,0.35
2783,0.361256374,0.35
2784,0.361224519,0.35
2785,0.361048628,0.35
2786,0.360720295,0.35
2787,0.360358427,0.35
2788,0.359961633,0.35
2789,0.359512539,0.35
2790,0.359021249,0.35
2791,0.358564793,0.35
2792,0.358184862,0.35
2793,0.357850562,0.35
2794,0.357503331,0.35
2795,0.357117343,0.35
2796,0.356656465,0.35
2797,0.356198484,0.35
2798,0.355872668,0.35
2799,0.355608554,0.35
2800,0.35536372,0.35
2801,0.355156376,0.35
2802,0.354954558,0.35
2803,0.354773184,0.35
2804,0.35467376,0.35
2805,0.354758895,0.35
2806,0.354950401,0.35
2807,0.355056343,0.35
2808,0.355073534,0.35
2809,0.355011022,0.35
2810,0.354835524,0.35
2811,0.354539533,0.35
2812,0.354146576,0.35
2813,0.353915712,0.35
2814,0.353941561,0.35
2815,0.354055341,0.35
2816,0.354081034,0.35
2817,0.353731398,0.35
2818,0.353129583,0.35
2819,0.352529719,0.34
2820,0.351929022,0.34
2821,0.351339298,0.34
2822,0.350750596,0.34
2823,0.350152825,0.34
2824,0.349555452,0.34
2825,0.348958897,0.34
2826,0.348413971,0.34
2827,0.347975746,0.34
2828,0.347622015,0.34
2829,0.347501784,0.34
2830,0.347589255,0.34
2831,0.347705196,0.34
2832,0.347863385,0.34
2833,0.347995842,0.34
2834,0.348060931,0.34
2835,0.348146885,0.34
2836,0.348293294,0.34
2837,0.348437138,0.34
2838,0.348536236,0.34
2839,0.348544762,0.34
2840,0.34833762,0.34
2841,0.347971911,0.34
2842,0.347598553,0.34
2843,0.347220829,0.34
2844,0.346839529,0.34
2845,0.346457385,0.34
2846,0.34607353,0.34
2847,0.345690414,0.34
2848,0.345309559,0.34
2849,0.344927878,0.34
2850,0.344543204,0.34
2851,0.344157531,0.34
2852,0.34377395,0.34
2853,0.343392676,0.34
2854,0.343009104,0.34
2855,0.342623631,0.34
2856,0.342239504,0.34
2857,0.341854354,0.34
2858,0.341469079,0.34
2859,0.34108174,0.34
2860,0.340694651,0.32
2861,0.34031077,0.32
2862,0.339926579,0.32
2863,0.339542458,0.32
2864,0.339157247,0.32
2865,0.338772482,0.32
2866,0.338389622,0.32
2867,0.338005687,0.32
2868,0.33762058,0.32
2869,0.33723591,0.32
2870,0.336851813,0.32
2871,0.336467452,0.32
2872,0.336082505,0.32
2873,0.335696716,0.32
2874,0.335310573,0.32
2875,0.334924723,0.32
2876,0.334537409,0.32
2877,0.334148489,0.32
2878,0.333760062,0.32
2879,0.33337367,0.32
2880,0.332986398,0.32
2881,0.332599193,0.32
2882,0.332213151,0.32
2883,0.331827852,0.32
2884,0.331442701,0.32
2885,0.33105849,0.32
2886,0.330672228,0.32
2887,0.330281863,0.32
2888,0.329894904,0.31
2889,0.329510833,0.31
2890,0.329127038,0.31
2891,0.328743812,0.31
2892,0.328356842,0.31
2893,0.327967274,0.31
2894,0.327582822,0.31
2895,0.327196757,0.31
2896,0.326807524,0.31
2897,0.326419591,0.31
2898,0.326028627,0.31
2899,0.325645239,0.31
2900,0.325266643,0.31
2901,0.324877303,0.31
2902,0.32448721,0.31
2903,0.324116442,0.31
2904,0.323798553,0.31
2905,0.323534916,0.31
2906,0.323534309,0.31
2907,0.323766291,0.31
2908,0.323966332,0.31
2909,0.324115167,0.31
2910,0.324280429,0.31
2911,0.324496332,0.31
2912,0.324711916,0.31
2913,0.324925781,0.31
2914,0.325136965,0.31
2915,0.325345631,0.31
2916,0.325551159,0.31
2917,0.325751328,0.31
2918,0.325938746,0.31
2919,0.326091311,0.31
2920,0.326187545,0.31
2921,0.326199558,0.31
2922,0.326114225,0.31
2923,0.32601282,0.31
2924,0.325941118,0.31
2925,0.325891194,0.31
2926,0.325868068,0.31
2927,0.325836742,0.31
2928,0.325792455,0.31
2929,0.325753145,0.31
2930,0.325707852,0.31
2931,0.325558272,0.31
2932,0.325157082,0.31
2933,0.324571232,0.31
2934,0.323950667,0.31
2935,0.323325281,0.31
2936,0.322699488,0.31
2937,0.322073041,0.31
2938,0.321449051,0.31
2939,0.320827396,0.31
2940,0.320206964,0.31
2941,0.319588285,0.31
2942,0.319054043,0.31
2943,0.318633706,0.31
2944,0.3182455,0.31
2945,0.317857301,0.31
2946,0.317467591,0.3025
2947,0.317078041,0.3
2948,0.316689372,0.3
2949,0.316299591,0.3
2950,0.315909467,0.3
2951,0.315520665,0.3
2952,0.315132052,0.3
2953,0.31474313,0.3
2954,0.314353219,0.3
2955,0.313961864,0.3
2956,0.313569167,0.3
2957,0.313177784,0.3
2958,0.312786408,0.3
2959,0.312393061,0.3
2960,0.31200181,0.3
2961,0.311611264,0.3
2962,0.311218819,0.3
2963,0.310825696,0.3
2964,0.3104338,0.3
2965,0.31004354,0.3
2966,0.309653785,0.3
2967,0.309264122,0.3
2968,0.308874202,0.3
2969,0.30848254,0.3
2970,0.308092936,0.3
2971,0.307705941,0.3
2972,0.307316463,0.3
2973,0.306926647,0.3
2974,0.306537742,0.3
2975,0.306148657,0.29
2976,0.305758501,0.29
2977,0.30536843,0.29
2978,0.304982259,0.29
2979,0.304592763,0.29
2980,0.304199509,0.29
2981,0.303807488,0.29
2982,0.30341178,0.29
2983,0.303016545,0.29
2984,0.302623354,0.29
2985,0.302228212,0.29
2986,0.301829534,0.29
2987,0.301438244,0.29
2988,0.301050035,0.29
2989,0.300655513,0.29
2990,0.300264556,0.29
2991,0.299873962,0.29
2992,0.299478894,0.29
2993,0.299082195,0.29
2994,0.298688236,0.29
2995,0.298294077,0.29
2996,0.297896371,0.29
2997,0.297500392,0.29
2998,0.297106475,0.29
2999,0.296712913,0.29
3000,0.296319884,0.29
3001,0.29592605,0.29
3002,0.295525009,0.29
3003,0.295109922,0.29
3004,0.294753085,0.2825
3005,0.294712697,0.28
3006,0.294908767,0.28
3007,0.295106279,0.28
3008,0.295318761,0.29
3009,0.295528133,0.29
3010,0.295729529,0.29
3011,0.295909918,0.29
3012,0.296023228,0.29
3013,0.296052744,0.29
3014,0.295985495,0.29
3015,0.295612468,0.29
3016,0.294985769,0.29
3017,0.294334376,0.28
3018,0.293667647,0.28
3019,0.293017354,0.28
3020,0.292368876,0.28
3021,0.29170293,0.28
3022,0.291040487,0.28
3023,0.290386477,0.28
3024,0.289814842,0.28
3025,0.289369431,0.28
3026,0.288972174,0.28
3027,0.288573182,0.28
3028,0.288175508,0.28
3029,0.287778222,0.28
3030,0.287378365,0.28
3031,0.286985086,0.28
3032,0.286620567,0.28
3033,0.286261691,0.28
3034,0.285874365,0.28
3035,0.285476812,0.28
3036,0.285079568,0.28
3037,0.284681188,0.28
3038,0.28428124,0.28
3039,0.283878661,0.28
3040,0.283476881,0.28
3041,0.283075499,0.28
3042,0.282673497,0.28
3043,0.282271545,0.26
3044,0.281870319,0.26
3045,0.281468301,0.26
3046,0.281065272,0.26
3047,0.280661912,0.26
3048,0.28025881,0.26
3049,0.279856675,0.26
3050,0.279455804,0.26
3051,0.279055927,0.26
3052,0.278655432,0.26
3053,0.278254035,0.26
3054,0.277852878,0.26
3055,0.277451491,0.26
3056,0.277048884,0.26
3057,0.276645522,0.26
3058,0.276242188,0.26
3059,0.275840586,0.26
3060,0.27544147,0.26
3061,0.275042616,0.26
3062,0.274640546,0.26
3063,0.274238015,0.26
3064,0.273834322,0.26
3065,0.273428072,0.26
3066,0.273024276,0.26
3067,0.27262083,0.26
3068,0.272215392,0.26
3069,0.271809508,0.26
3070,0.271402673,0.26
3071,0.270995515,0.26
3072,0.270589119,0.2525
3073,0.270184067,0.25
3074,0.269780965,0.25
3075,0.269377339,0.25
3076,0.268972175,0.25
3077,0.268565423,0.25
3078,0.268159282,0.25
3079,0.267754264,0.25
3080,0.26734834,0.25
3081,0.26712433,0.25
3082,0.267112749,0.25
3083,0.266882599,0.25
3084,0.266374304,0.25
3085,0.265841104,0.25
3086,0.265318765,0.25
3087,0.264806781,0.25
3088,0.264299389,0.25
3089,0.263792367,0.25
3090,0.263292062,0.25
3091,0.262796016,0.25
3092,0.262299302,0.25
3093,0.261813368,0.25
3094,0.261371058,0.25
3095,0.260963721,0.25
3096,0.26055741,0.25
3097,0.260151493,0.25
3098,0.259743542,0.25
3099,0.259333798,0.25
3100,0.258925684,0.25
3101,0.258517929,0.24
3102,0.258109221,0.24
3103,0.25770078,0.24
3104,0.257292158,0.24
3105,0.256884811,0.24
3106,0.256477349,0.24
3107,0.256069774,0.24
3108,0.255663187,0.24
3109,0.255256028,0.24
3110,0.254848823,0.24
3111,0.254439123,0.24
3112,0.254026944,0.24
3113,0.253616018,0.24
3114,0.253203487,0.24
3115,0.252790094,0.24
3116,0.252377579,0.24
3117,0.251965651,0.24
3118,0.251556046,0.24
3119,0.251144968,0.24
3120,0.250732638,0.24
3121,0.250323536,0.24
3122,0.249915288,0.24
3123,0.249506342,0.24
3124,0.249096682,0.24
3125,0.24868646,0.24
3126,0.248312998,0.24
3127,0.248109453,0.24
3128,0.247868104,0.24
3129,0.24745574,0.24
3130,0.247044315,0.2325
3131,0.246635577,0.23
3132,0.246228319,0.23
3133,0.245820992,0.23
3134,0.245411999,0.23
3135,0.245001548,0.23
3136,0.244593893,0.23
3137,0.244184855,0.23
3138,0.243774036,0.23
3139,0.243364654,0.23
3140,0.242954093,0.23
3141,0.242543816,0.23
3142,0.242133278,0.23
3143,0.241721273,0.23
3144,0.241310037,0.23
3145,0.240899018,0.23
3146,0.240648716,0.23
3147,0.240708043,0.23
3148,0.240912693,0.23
3149,0.241082401,0.23
3150,0.240932823,0.23
3151,0.240329556,0.23
3152,0.239569048,0.23
3153,0.238844178,0.23
3154,0.238164787,0.23
3155,0.237520001,0.23
3156,0.236897801,0.23
3157,0.236296344,0.23
3158,0.235717164,0.23
3159,0.235157944,0.23
3160,0.234636006,0.23
3161,0.234181178,0.23
3162,0.233770155,0.21
3163,0.233360574,0.21
3164,0.232953555,0.21
3165,0.232546343,0.21
3166,0.232133745,0.21
3167,0.231720802,0.21
3168,0.231310347,0.21
3169,0.230899163,0.21
3170,0.23048845,0.21
3171,0.230079413,0.21
3172,0.229668824,0.21
3173,0.229256436,0.21
3174,0.228844745,0.21
3175,0.228435376,0.21
3176,0.228026254,0.21
3177,0.227614875,0.21
3178,0.22720232,0.21
3179,0.226791117,0.21
3180,0.226379781,0.21
3181,0.22596814,0.21
3182,0.225554869,0.21
3183,0.225142673,0.21
3184,0.224731702,0.21
3185,0.224321254,0.21
3186,0.223913585,0.21
3187,0.223505473,0.21
3188,0.22309834,0.21
3189,0.222691649,0.21
3190,0.222284226,0.2
3191,0.221876803,0.2
3192,0.221472714,0.2
3193,0.221069681,0.2
3194,0.220959218,0.2
3195,0.221155095,0.2
3196,0.221361094,0.2
3197,0.22156339,0.2
3198,0.221755634,0.2
3199,0.221923021,0.2
3200,0.222037287,0.2
3201,0.221941031,0.2
3202,0.221604532,0.2
3203,0.221198626,0.2
3204,0.22078843,0.2
3205,0.220380625,0.2
3206,0.21997398,0.2
3207,0.219565583,0.2
3208,0.219156344,0.2
3209,0.218747089,0.2
3210,0.218338345,0.2
3211,0.217928069,0.2
3212,0.217517472,0.2
3213,0.217107438,0.2
3214,0.216699114,0.2
3215,0.216204485,0.2
3216,0.215583568,0.2
3217,0.215196028,0.2
3218,0.21524147,0.2
3219,0.215446468,0.2
3220,0.21564638,0.2
3221,0.215839396,0.2
3222,0.216019081,0.2
3223,0.216142171,0.2
3224,0.215942449,0.2
3225,0.215344632,0.2
3226,0.214598985,0.2
3227,0.213848381,0.2
3228,0.213121994,0.2
3229,0.212398177,0.2
3230,0.211674506,0.2
3231,0.210977294,0.2
3232,0.210323529,0.2
3233,0.209774109,0.2
3234,0.209341142,0.2
3235,0.208936201,0.2
3236,0.208530152,0.19
3237,0.208125574,0.19
3238,0.207721526,0.19
3239,0.207318065,0.19
3240,0.206912821,0.19
3241,0.206506263,0.19
3242,0.206101026,0.19
3243,0.205696105,0.19
3244,0.205291325,0.19
3245,0.204885894,0.19
3246,0.204480298,0.19
3247,0.204076252,0.19
3248,0.203673102,0.19
3249,0.203270572,0.19
3250,0.202867888,0.19
3251,0.20246574,0.19
3252,0.202063208,0.19
3253,0.2016605,0.19
3254,0.201258986,0.19
3255,0.200859018,0.19
3256,0.200460426,0.19
3257,0.200061998,0.19
3258,0.199660084,0.19
3259,0.199257034,0.19
3260,0.198855398,0.19
3261,0.198455397,0.19
3262,0.198057953,0.19
3263,0.197650023,0.19
3264,0.197239366,0.19
3265,0.196835491,0.18
3266,0.196432423,0.18
3267,0.196036173,0.18
3268,0.195640291,0.18
3269,0.195240101,0.18
3270,0.194840464,0.18
3271,0.1944468,0.18
3272,0.194060034,0.18
3273,0.193670279,0.18
3274,0.193277739,0.18
3275,0.192888518,0.18
3276,0.19250701,0.18
3277,0.192123039,0.18
3278,0.19173883,0.18
3279,0.191364459,0.18
3280,0.190986567,0.18
3281,0.190604588,0.18
3282,0.190224328,0.18
3283,0.189844893,0.18
3284,0.189464172,0.18
3285,0.189082305,0.18
3286,0.188701272,0.18
3287,0.188318769,0.18
3288,0.187936224,0.18
3289,0.18755748,0.18
3290,0.187179036,0.18
3291,0.187017803,0.18
3292,0.187151928,0.18
3293,0.187362998,0.18
3294,0.187574365,0.18
3295,0.187784776,0.18
3296,0.187992383,0.18
3297,0.188196432,0.18
3298,0.18839832,0.18
3299,0.188595411,0.18
3300,0.188774662,0.18
3301,0.188908457,0.18
3302,0.188988125,0.18
3303,0.189020999,0.18
3304,0.188934559,0.18
3305,0.188609933,0.18
3306,0.188042935,0.18
3307,0.187358424,0.18
3308,0.186659305,0.18
3309,0.185971879,0.18
3310,0.185294139,0.18
3311,0.184608028,0.18
3312,0.183919828,0.17
3313,0.18323754,0.17
3314,0.182553021,0.17
3315,0.18197648,0.17
3316,0.181543925,0.17
3317,0.181145552,0.17
3318,0.180747325,0.17
3319,0.180351051,0.17
3320,0.179954244,0.17
3321,0.179557382,0.17
3322,0.179160289,0.17
3323,0.178763517,0.17
3324,0.1783654,0.17
3325,0.177965732,0.17
3326,0.177566918,0.17
3327,0.177169792,0.17
3328,0.176773163,0.17
3329,0.176374783,0.17
3330,0.175975229,0.17
3331,0.17557558,0.17
3332,0.175175919,0.17
3333,0.174776013,0.17
3334,0.174377191,0.17
3335,0.173979954,0.17
3336,0.173583849,0.17
3337,0.173188323,0.17
3338,0.172793394,0.17
3339,0.172398767,0.15
3340,0.172004785,0.15
3341,0.171610239,0.15
3342,0.171214682,0.15
3343,0.170818653,0.15
3344,0.170422131,0.15
3345,0.170027826,0.15
3346,0.169634231,0.15
3347,0.169237157,0.15
3348,0.168840869,0.15
3349,0.168446148,0.15
3350,0.168049884,0.15
3351,0.167653974,0.15
3352,0.167257909,0.15
3353,0.166860553,0.15
3354,0.166463327,0.15
3355,0.166069437,0.15
3356,0.165676985,0.15
3357,0.165283191,0.15
3358,0.164888192,0.15
3359,0.164491674,0.15
3360,0.164095705,0.15
3361,0.163701237,0.15
3362,0.163306679,0.15
3363,0.162913047,0.15
3364,0.16251959,0.15
3365,0.162124472,0.15
3366,0.161729153,0.15
3367,0.161334413,0.15
3368,0.1609975,0.14
3369,0.16073496,0.14
3370,0.16048844,0.14
3371,0.160241928,0.14
3372,0.159996046,0.14
3373,0.159749678,0.14
3374,0.159503344,0.14
3375,0.159255478,0.14
3376,0.159008196,0.14
3377,0.158913768,0.14
3378,0.159032137,0.14
3379,0.159216516,0.14
3380,0.159404707,0.14
3381,0.159593263,0.14
3382,0.15978219,0.14
3383,0.159970843,0.14
3384,0.160159749,0.14
3385,0.160349309,0.14
3386,0.160538727,0.14
3387,0.160728069,0.14
3388,0.160917778,0.14
3389,0.161114884,0.15
3390,0.161319906,0.15
3391,0.16143446,0.15
3392,0.161168914,0.15
3393,0.160699909,0.14
3394,0.160383751,0.14
3395,0.160134427,0.14
3396,0.159884448,0.14
3397,0.159634187,0.14
3398,0.159384273,0.14
3399,0.159135251,0.14
3400,0.158886384,0.14
3401,0.158638377,0.14
3402,0.158389373,0.14
3403,0.158139064,0.14
3404,0.157890015,0.14
3405,0.157654754,0.14
3406,0.157450375,0.14
3407,0.157262924,0.14
3408,0.157076226,0.14
3409,0.156889717,0.14
3410,0.156702057,0.14
3411,0.156516005,0.14
3412,0.156330011,0.14
3413,0.156142636,0.14
3414,0.155956323,0.14
3415,0.155769489,0.14
3416,0.155575604,0.14
3417,0.155376058,0.14
3418,0.155177429,0.14
3419,0.154978315,0.14
3420,0.15477814,0.14
3421,0.154578843,0.14
3422,0.154379179,0.14
3423,0.154186737,0.14
3424,0.154016763,0.14
3425,0.153989491,0.14
3426,0.154134192,0.14
3427,0.154320402,0.14
3428,0.154505857,0.14
3429,0.154663255,0.14
3430,0.154621275,0.14
3431,0.154391067,0.14
3432,0.154143443,0.14
3433,0.153895006,0.14
3434,0.153645098,0.14
3435,0.153395531,0.14
3436,0.153147153,0.14
3437,0.15289968,0.14
3438,0.152652536,0.14
3439,0.152405068,0.14
3440,0.152156762,0.14
3441,0.151908205,0.14
3442,0.151660367,0.14
3443,0.151413163,0.14
3444,0.15116503,0.14
3445,0.15091577,0.14
3446,0.150665746,0.14
3447,0.150605498,0.14
3448,0.15072272,0.14
3449,0.150771354,0.14
3450,0.150741715,0.14
3451,0.150640464,0.14
3452,0.150497208,0.14
3453,0.150376536,0.14
3454,0.150275879,0.14
3455,0.150180261,0.13
3456,0.150084736,0.13
3457,0.14998912,0.13
3458,0.149893255,0.13
3459,0.149797662,0.13
3460,0.149702539,0.13
3461,0.149607707,0.13
3462,0.149505577,0.13
3463,0.14938068,0.13
3464,0.14924097,0.13
3465,0.149101454,0.13
3466,0.148994017,0.13
3467,0.14893099,0.13
3468,0.14882415,0.13
3469,0.148652681,0.13
3470,0.14847242,0.13
3471,0.148308989,0.13
3472,0.148181872,0.13
3473,0.148081296,0.13
3474,0.147996743,0.13
3475,0.147958247,0.13
3476,0.147966341,0.13
3477,0.147985791,0.13
3478,0.14800728,0.13
3479,0.148080555,0.13
3480,0.148238519,0.13
3481,0.148427965,0.13
3482,0.148607528,0.13
3483,0.148758196,0.13
3484,0.148819629,0.13
3485,0.148696504,0.13
3486,0.148454438,0.13
3487,0.148209333,0.13
3488,0.147963239,0.13
3489,0.147713736,0.13
3490,0.147463129,0.13
3491,0.147213202,0.13
3492,0.146963815,0.13
3493,0.146713434,0.13
3494,0.146462149,0.13
3495,0.146212235,0.13
3496,0.145962856,0.13
3497,0.145713611,0.13
3498,0.145465806,0.13
3499,0.145230217,0.13
3500,0.145012866,0.13
3501,0.144876508,0.13
3502,0.144835847,0.13
3503,0.144806337,0.13
3504,0.144751749,0.13
3505,0.144666391,0.13
3506,0.144545374,0.13
3507,0.144404435,0.13
3508,0.14425872,0.13
3509,0.144105643,0.13
3510,0.143943318,0.13
3511,0.143768099,0.13
3512,0.143585283,0.13
3513,0.143402752,0.13
3514,0.143221344,0.13
3515,0.143040198,0.13
3516,0.142860354,0.13
3517,0.142688494,0.13
3518,0.142531725,0.13
3519,0.142351542,0.13
3520,0.142120655,0.13
3521,0.141872389,0.13
3522,0.141625069,0.13
3523,0.141377339,0.13
3524,0.141130767,0.13
3525,0.140942881,0.13
3526,0.140904016,0.13
3527,0.140967508,0.13
3528,0.141043501,0.13
3529,0.141154006,0.13
3530,0.141320961,0.13
3531,0.141510351,0.13
3532,0.141671624,0.13
3533,0.141653706,0.13
3534,0.141443723,0.13
3535,0.141193529,0.13
3536,0.140943117,0.13
3537,0.140694379,0.13
3538,0.140447668,0.13
3539,0.140200841,0.13
3540,0.139952748,0.13
3541,0.139704364,0.13
3542,0.13945812,0.12
3543,0.139215876,0.12
3544,0.139076319,0.12
3545,0.139055553,0.12
3546,0.139066256,0.12
3547,0.139173042,0.12
3548,0.139340618,0.12
3549,0.139447351,0.12
3550,0.139433766,0.12
3551,0.139260724,0.12
3552,0.139011459,0.12
3553,0.138764281,0.12
3554,0.138514878,0.12
3555,0.138267069,0.12
3556,0.138021183,0.12
3557,0.137772904,0.12
3558,0.137524565,0.12
3559,0.137276763,0.12
3560,0.137031434,0.12
3561,0.136894469,0.12
3562,0.136877111,0.12
3563,0.136905369,0.12
3564,0.137030467,0.12
3565,0.137216482,0.12
3566,0.137325131,0.12
3567,0.137216759,0.12
3568,0.136966676,0.12
3569,0.136718442,0.12
3570,0.136472426,0.12
3571,0.136226017,0.12
3572,0.135976405,0.12
3573,0.135727012,0.12
3574,0.135478843,0.12
3575,0.135230773,0.12
3576,0.134983567,0.12
3577,0.134736476,0.12
3578,0.134487778,0.12
3579,0.134239173,0.12
3580,0.133991397,0.12
3581,0.133742328,0.12
3582,0.13349428,0.12
3583,0.13324712,0.12
3584,0.132998966,0.12
3585,0.132750124,0.12
3586,0.132501148,0.12
3587,0.132253163,0.12
3588,0.132005614,0.12
3589,0.131758185,0.12
3590,0.131510806,0.12
3591,0.131264021,0.12
3592,0.131016927,0.12
3593,0.130769005,0.12
3594,0.130520267,0.12
3595,0.130271563,0.12
3596,0.130024253,0.12
3597,0.129776928,0.12
3598,0.129530254,0.12
3599,0.129284294,0.12
3600,0.129035745,0.12
3601,0.128786378,0.12
3602,0.12853863,0.1
3603,0.128291045,0.1
3604,0.128043616,0.1
3605,0.127796241,0.1
3606,0.127548981,0.1
3607,0.127301595,0.1
3608,0.127053971,0.1
3609,0.12680679,0.1
3610,0.126559933,0.1
3611,0.12631425,0.1
3612,0.126068129,0.1
3613,0.125820385,0.1
3614,0.125572581,0.1
3615,0.125325021,0.1
3616,0.125077153,0.1
3617,0.124828855,0.1
3618,0.124579982,0.1
3619,0.12433103,0.1
3620,0.124082749,0.1
3621,0.123835436,0.1
3622,0.123588563,0.1
3623,0.123341489,0.1
3624,0.123094134,0.1
3625,0.122845496,0.1
3626,0.122597547,0.1
3627,0.122350836,0.1
3628,0.122103274,0.1
3629,0.121855292,0.1
3630,0.12160812,0.1
3631,0.121361461,0.1
3632,0.121114452,0.1
3633,0.120865645,0.1
3634,0.12061697,0.1
3635,0.120369417,0.1
3636,0.120122274,0.1
3637,0.1198751,0.1
3638,0.119626519,0.1
3639,0.119377912,0.1
3640,0.119129981,0.1
3641,0.11888202,0.1
3642,0.118634566,0.1
3643,0.118387041,0.1
3644,0.118171026,0.09
3645,0.117998899,0.09
3646,0.117837832,0.09
3647,0.11767648,0.09
3648,0.117515216,0.09
3649,0.117353642,0.09
3650,0.117192121,0.09
3651,0.117030432,0.09
3652,0.11686894,0.09
3653,0.116708102,0.09
3654,0.116547444,0.09
3655,0.116386056,0.09
3656,0.116223913,0.09
3657,0.11606223,0.09
3658,0.115900916,0.09
3659,0.115739891,0.09
3660,0.115578248,0.09
3661,0.115416569,0.09
3662,0.115254965,0.09
3663,0.115093149,0.09
3664,0.114930981,0.09
3665,0.11476858,0.09
3666,0.114607786,0.09
3667,0.11444635,0.09
3668,0.114284371,0.09
3669,0.114123076,0.09
3670,0.113961567,0.09
3671,0.113799439,0.09
3672,0.113637114,0.09
3673,0.113475672,0.09
3674,0.113314343,0.09
3675,0.113152443,0.09
3676,0.112990783,0.09
3677,0.112830636,0.09
3678,0.112670188,0.09
3679,0.112508223,0.09
3680,0.112345361,0.09
3681,0.112183808,0.09
3682,0.11202299,0.09
3683,0.111860768,0.09
3684,0.111698495,0.09
3685,0.111536899,0.09
3686,0.111376166,0.09
3687,0.111215065,0.09
3688,0.111053933,0.09
3689,0.110893471,0.09
3690,0.110732221,0.09
3691,0.110570727,0.09
3692,0.110409719,0.09
3693,0.110248654,0.09
3694,0.110086801,0.09
3695,0.109925335,0.09
3696,0.109765084,0.09
3697,0.109604802,0.09
3698,0.109444417,0.09
3699,0.109283261,0.09
3700,0.10912045,0.09
3701,0.108958795,0.09
3702,0.10879736,0.09
3703,0.108634021,0.09
3704,0.108471716,0.09
3705,0.108310251,0.09
3706,0.108147909,0.08
3707,0.107986411,0.08
3708,0.107824956,0.08
3709,0.107662448,0.08
3710,0.107500559,0.08
3711,0.107338818,0.08
3712,0.107177464,0.08
3713,0.10701618,0.08
3714,0.106853631,0.08
3715,0.106691893,0.08
3716,0.106531683,0.08
3717,0.106370587,0.08
3718,0.106208685,0.08
3719,0.106045785,0.08
3720,0.10588352,0.08
3721,0.105722551,0.08
3722,0.105562087,0.08
3723,0.105402043,0.08
3724,0.105241217,0.08
3725,0.10507901,0.08
3726,0.104915866,0.08
3727,0.104753129,0.08
3728,0.104591082,0.08
3729,0.10442922,0.08
3730,0.104267026,0.08
3731,0.104105068,0.08
3732,0.103943886,0.08
3733,0.103782353,0.08
3734,0.103621188,0.08
3735,0.103460513,0.08
3736,0.103298067,0.08
3737,0.103135387,0.08
3738,0.102973527,0.08
3739,0.102812232,0.08
3740,0.102650823,0.08
3741,0.102488932,0.08
3742,0.102327468,0.08
3743,0.102166292,0.08
3744,0.102004678,0.08
3745,0.10184274,0.08
3746,0.101680553,0.08
3747,0.101517522,0.08
3748,0.10135365,0.08
3749,0.101190694,0.08
3750,0.101028201,0.08
3751,0.100865989,0.08
3752,0.100705375,0.08
3753,0.100544592,0.08
3754,0.100383663,0.08
3755,0.10022241,0.08
3756,0.100060033,0.08
3757,0.0998972076,0.08
3758,0.0997348914,0.08
3759,0.0995732658,0.08
3760,0.0994106423,0.08
3761,0.099248286,0.08
3762,0.0990870466,0.08
3763,0.0989251882,0.08
3764,0.0987630089,0.08
3765,0.0986011076,0.08
3766,0.0984384676,0.08
3767,0.0982758325,0.08
3768,0.0981143999,0.0775
3769,0.0979529566,0.07
3770,0.0977917158,0.07
3771,0.0976308326,0.07
3772,0.0974690146,0.07
3773,0.0973072331,0.07
3774,0.0971454206,0.07
3775,0.0969841664,0.07
3776,0.0968235644,0.07
3777,0.0966620548,0.07
3778,0.0965003983,0.07
3779,0.096339158,0.07
3780,0.0961781604,0.07
3781,0.0960268762,0.07
3782,0.0959645568,0.07
3783,0.0960137081,0.07
3784,0.0960948837,0.07
3785,0.0961796994,0.07
3786,0.0962773894,0.07
3787,0.0963942739,0.07
3788,0.0965211693,0.07
3789,0.0966473283,0.07
3790,0.0967256325,0.07
3791,0.0966625939,0.07
3792,0.0965045053,0.07
3793,0.0963436462,0.07
3794,0.0962329642,0.07
3795,0.0962026666,0.07
3796,0.0961995703,0.07
3797,0.0961952416,0.07
3798,0.0962181375,0.07
3799,0.0962526278,0.07
3800,0.0962529971,0.07
3801,0.0961874071,0.07
3802,0.0960593147,0.07
3803,0.0959102094,0.07
3804,0.0957528388,0.07
3805,0.0955936911,0.07
3806,0.0954538436,0.07
3807,0.0954462637,0.07
3808,0.0955614378,0.07
3809,0.0956359878,0.07
3810,0.0956419363,0.07
3811,0.0956173208,0.07
3812,0.095565956,0.07
3813,0.0954533591,0.07
3814,0.0952948307,0.07
3815,0.0951488184,0.07
3816,0.0950808572,0.07
3817,0.0951130041,0.07
3818,0.0952096862,0.07
3819,0.0953352342,0.07
3820,0.0954152792,0.07
3821,0.0954526229,0.07
3822,0.0955150848,0.07
3823,0.0955121991,0.07
3824,0.0953877786,0.07
3825,0.0952304542,0.07
3826,0.095073615,0.07
3827,0.0949163495,0.07
3828,0.094758643,0.07
3829,0.0946012561,0.07
3830,0.094443814,0.07
3831,0.0942861429,0.07
3832,0.0941280942,0.07
3833,0.093970323,0.07
3834,0.0938122302,0.07
3835,0.0936539947,0.07
3836,0.0934957349,0.07
3837,0.0933370586,0.07
3838,0.0931777422,0.07
3839,0.0930174666,0.07
3840,0.0928564749,0.07
3841,0.092695408,0.07
3842,0.0925344511,0.07
3843,0.0923744015,0.07
3844,0.0922137004,0.07
3845,0.0920517145,0.07
3846,0.0918898438,0.07
3847,0.0917271564,0.07
3848,0.0915641265,0.07
3849,0.0914001067,0.07
3850,0.0912364833,0.07
3851,0.091074587,0.07
3852,0.0910188391,0.07
3853,0.0911068095,0.07
3854,0.0912320838,0.07
3855,0.0913555963,0.07
3856,0.0914623364,0.07
3857,0.0915323165,0.07
3858,0.0915617137,0.07
3859,0.091564457,0.07
3860,0.0915585627,0.07
3861,0.0915505036,0.07
3862,0.0915426803,0.07
3863,0.091536455,0.07
3864,0.0915305446,0.07
3865,0.0915242101,0.07
3866,0.0914723758,0.07
3867,0.0913465658,0.07
3868,0.0911924946,0.07
3869,0.0910385635,0.07
3870,0.0908840616,0.07
3871,0.0907289616,0.07
3872,0.0905736378,0.07
3873,0.0904177629,0.07
3874,0.09026098,0.07
3875,0.0901044023,0.07
3876,0.0899478454,0.07
3877,0.0897902206,0.07
3878,0.0896325968,0.07
3879,0.0894760763,0.07
3880,0.08931902,0.07
3881,0.0891608626,0.07
3882,0.089003074,0.07
3883,0.0888457667,0.07
3884,0.0886873755,0.07
3885,0.0885284997,0.07
3886,0.0883698459,0.07
3887,0.0882110142,0.07
3888,0.0880522039,0.07
3889,0.087892847,0.07
3890,0.0877324566,0.07
3891,0.0875728036,0.06
3892,0.0874130908,0.06
3893,0.0872529649,0.06
3894,0.0870939805,0.06
3895,0.0869352953,0.06
3896,0.0867764165,0.06
3897,0.0866164484,0.06
3898,0.0864561041,0.06
3899,0.0862963891,0.06
3900,0.0861354364,0.06
3901,0.0859732368,0.06
3902,0.0858112477,0.06
3903,0.0856496239,0.06
3904,0.0854879301,0.06
3905,0.0853246817,0.06
3906,0.0851612954,0.06
3907,0.0849987191,0.06
3908,0.0848354795,0.06
3909,0.0846713137,0.06
3910,0.0845067305,0.06
3911,0.0843421234,0.06
3912,0.0841777716,0.06
3913,0.0840134972,0.06
3914,0.083849436,0.06
3915,0.0836862833,0.06
3916,0.0835236754,0.06
3917,0.0833616354,0.06
3918,0.083198331,0.06
3919,0.0830345464,0.06
3920,0.0828720636,0.06
3921,0.08270872,0.06
3922,0.0825446584,0.06
3923,0.0823808698,0.06
3924,0.0822176346,0.06
3925,0.0820551708,0.06
3926,0.0818926168,0.06
3927,0.0817304982,0.06
3928,0.0815686418,0.06
3929,0.0814059285,0.06
3930,0.0812435009,0.06
3931,0.0810813992,0.06
3932,0.0809186837,0.06
3933,0.0807557271,0.06
3934,0.0805930512,0.06
3935,0.0804309029,0.06
3936,0.0802681296,0.06
3937,0.0801044748,0.06
3938,0.0799414197,0.06
3939,0.0797789933,0.06
3940,0.0796168827,0.06
3941,0.0794535314,0.06
3942,0.0792891656,0.06
3943,0.0791261673,0.06
3944,0.0789644057,0.06
3945,0.0788016821,0.06
3946,0.0786385742,0.06
3947,0.0784750841,0.06
3948,0.0783111762,0.06
3949,0.0781487996,0.06
3950,0.0779869811,0.06
3951,0.0778242651,0.06
3952,0.077661657,0.06
3953,0.077499286,0.06
3954,0.0773367142,0.04
3955,0.0771734821,0.04
3956,0.077010287,0.04
3957,0.0768473364,0.04
3958,0.0766834193,0.04
3959,0.0765200243,0.04
3960,0.0763573925,0.04
3961,0.0761951027,0.04
3962,0.0760327821,0.04
3963,0.0758712047,0.04
3964,0.0757091368,0.04
3965,0.0755468825,0.04
3966,0.0753851083,0.04
3967,0.0752227112,0.04
3968,0.075061643,0.04
3969,0.0749011526,0.04
3970,0.0747384915,0.04
3971,0.0745746269,0.04
3972,0.074410815,0.04
3973,0.0742468622,0.04
3974,0.0740830932,0.04
3975,0.0739196228,0.04
3976,0.0737566632,0.04
3977,0.0735933679,0.04
3978,0.0734297106,0.04
3979,0.0732654457,0.04
3980,0.073100556,0.04
3981,0.0729357586,0.04
3982,0.0727705732,0.04
3983,0.0726058179,0.04
3984,0.0724420205,0.04
3985,0.0722786949,0.04
3986,0.0721146929,0.04
3987,0.0719507604,0.04
3988,0.0717878371,0.04
3989,0.0716243324,0.04
3990,0.0714610853,0.04
3991,0.071298635,0.04
3992,0.0711356694,0.04
3993,0.0709720736,0.04
3994,0.0708086775,0.04
3995,0.0706455233,0.04
3996,0.070481614,0.04
3997,0.0703173122,0.04
3998,0.070153275,0.04
3999,0.069990325,0.04
4000,0.0698279162,0.04
4001,0.069664874,0.04
4002,0.069500656,0.04
4003,0.0693362391,0.04
4004,0.0691718853,0.04
4005,0.0690075033,0.04
4006,0.0688441247,0.04
4007,0.0686803969,0.04
4008,0.0685163451,0.04
4009,0.0683516688,0.04
4010,0.0681868957,0.04
4011,0.068022791,0.04
4012,0.0678587787,0.04
4013,0.0676946978,0.04
4014,0.0675311941,0.04
4015,0.0673673221,0.0375
4016,0.0672024962,0.03
4017,0.0670381241,0.03
4018,0.0669802915,0.03
4019,0.0670664099,0.03
4020,0.0671895065,0.03
4021,0.0673121517,0.03
4022,0.0674348537,0.04
4023,0.0675225925,0.04
4024,0.0674626173,0.04
4025,0.0672957681,0.0375
4026,0.0671346542,0.03
4027,0.066972709,0.03
4028,0.0668117154,0.03
4029,0.0666517524,0.03
4030,0.0664918264,0.03
4031,0.0663429618,0.03
4032,0.0662859166,0.03
4033,0.0663216694,0.03
4034,0.0663179708,0.03
4035,0.0662096641,0.03
4036,0.0660468787,0.03
4037,0.0658840106,0.03
4038,0.0657207711,0.03
4039,0.0655567693,0.03
4040,0.0653933289,0.03
4041,0.0652304364,0.03
4042,0.0650669358,0.03
4043,0.0649032276,0.03
4044,0.0647390371,0.03
4045,0.0645731223,0.03
4046,0.0644071434,0.03
4047,0.0642414633,0.03
4048,0.0640743241,0.03
4049,0.0639062616,0.03
4050,0.0637404982,0.03
4051,0.063576423,0.03
4052,0.063411548,0.03
4053,0.0632459613,0.03
4054,0.0630811236,0.03
4055,0.0629169468,0.03
4056,0.0627509994,0.03
4057,0.0625833624,0.03
4058,0.0624160528,0.03
4059,0.0622492138,0.03
4060,0.0620823148,0.03
4061,0.0619163792,0.03
4062,0.0617512595,0.03
4063,0.0615853449,0.03
4064,0.0614196195,0.03
4065,0.0612537461,0.03
4066,0.0610877665,0.03
4067,0.0609228672,0.03
4068,0.0607577463,0.03
4069,0.0605927405,0.03
4070,0.0604271127,0.03
4071,0.0602615509,0.03
4072,0.0600967172,0.03
4073,0.0599312554,0.03
4074,0.0597653687,0.03
4075,0.059599297,0.03
4076,0.059434143,0.03
4077,0.0592699438,0.03
4078,0.0591067317,0.03
4079,0.0589430056,0.03
4080,0.0587790123,0.03
4081,0.0586798758,0.03
4082,0.0586717468,0.03
4083,0.0586932978,0.03
4084,0.058709801,0.03
4085,0.0587422082,0.03
4086,0.0588312311,0.03
4087,0.058953906,0.03
4088,0.059077059,0.03
4089,0.0591990086,0.03
4090,0.0593188782,0.03
4091,0.0593755345,0.03
4092,0.0592906369,0.03
4093,0.059128353,0.03
4094,0.0589673194,0.03
4095,0.0588055626,0.03
4096,0.0586438836,0.03
4097,0.0584822662,0.03
4098,0.0583203179,0.03
4099,0.058158135,0.03
4100,0.0579961116,0.03
4101,0.0578332667,0.03
4102,0.057669948,0.03
4103,0.0575073675,0.03
4104,0.0573446817,0.03
4105,0.0571819332,0.03
4106,0.0570197776,0.03
4107,0.0568568322,0.03
4108,0.0566931628,0.02
4109,0.0565291887,0.02
4110,0.056363707,0.02
4111,0.0561978291,0.02
4112,0.0560328426,0.02
4113,0.0558668907,0.02
4114,0.0556997117,0.02
4115,0.0555345472,0.02
4116,0.0553700741,0.02
4117,0.0552042812,0.02
4118,0.055038639,0.02
4119,0.0548734182,0.02
4120,0.054708077,0.02
4121,0.0545887224,0.02
4122,0.0546132077,0.02
4123,0.0547357068,0.02
4124,0.054857858,0.02
4125,0.0549795505,0.02
4126,0.055088981,0.02
4127,0.055170702,0.02
4128,0.0552246842,0.02
4129,0.0552490781,0.02
4130,0.0552526698,0.02
4131,0.0552497552,0.02
4132,0.0552423734,0.02
4133,0.0552334908,0.02
4134,0.0552262291,0.02
4135,0.0552205627,0.02
4136,0.0552149306,0.02
4137,0.0552093065,0.02
4138,0.0552036991,0.02
4139,0.0551980999,0.02
4140,0.0551897929,0.02
4141,0.05516359,0.02
4142,0.0551162766,0.02
4143,0.0550593394,0.02
4144,0.0550028678,0.02
4145,0.0549612021,0.02
4146,0.0549362196,0.02
4147,0.0549268595,0.02
4148,0.0549258544,0.02
4149,0.0549225401,0.02
4150,0.0549175468,0.02
4151,0.0549117255,0.02
4152,0.0549052265,0.02
4153,0.0548968909,0.02
4154,0.0548886042,0.02
4155,0.0548823798,0.02
4156,0.0548767828,0.02
4157,0.0548711885,0.02
4158,0.0548655937,0.02
4159,0.0548600215,0.02
4160,0.0548544491,0.02
4161,0.0548483615,0.02
4162,0.0548382356,0.02
4163,0.054768034,0.02
4164,0.0546246595,0.02
4165,0.0544653057,0.02
4166,0.0543063973,0.02
4167,0.0541476573,0.02
4168,0.0539890066,0.02
4169,0.0538298066,0.02
4170,0.0536702609,0.02
4171,0.0535103009,0.02
4172,0.0533497695,0.02
4173,0.0531892305,0.02
4174,0.0530287849,0.02
4175,0.0528675447,0.02
4176,0.0527058897,0.02
4177,0.0525441599,0.02
4178,0.0523819181,0.02
4179,0.0522275485,0.02
4180,0.0522054901,0.02
4181,0.0522004977,0.02
4182,0.0520818195,0.02
4183,0.0520078164,0.02
4184,0.0520061495,0.02
4185,0.0520787138,0.02
4186,0.0521802634,0.02
4187,0.0522242242,0.02
4188,0.0522518406,0.02
4189,0.0523153052,0.02
4190,0.0523329191,0.02
4191,0.0523045425,0.02
4192,0.0522947464,0.02
4193,0.0522871275,0.02
4194,0.052281901,0.02
4195,0.0522766364,0.02
4196,0.0522689696,0.02
4197,0.0522542617,0.02
4198,0.0522400101,0.02
4199,0.0522334983,0.02
4200,0.0522308716,0.02
4201,0.0522416371,0.02
4202,0.0522596758,0.02
4203,0.0522657881,0.02
4204,0.052262352,0.02
4205,0.0522551672,0.02
4206,0.0522474698,0.02
4207,0.0522413362,0.02
4208,0.0522357611,0.02
4209,0.052230186,0.02
4210,0.0522233409,0.02
4211,0.0522148949,0.02
4212,0.0522076399,0.02
4213,0.0522024563,0.02
4214,0.0521978132,0.02
4215,0.0521931723,0.02
4216,0.0521885314,0.02
4217,0.0521838875,0.02
4218,0.0521792436,0.02
4219,0.0521745905,0.02
4220,0.0521699399,0.02
4221,0.052165289,0.02
4222,0.052160644,0.02
4223,0.0521560164,0.02
4224,0.0521513889,0.02
4225,0.0521467435,0.02
4226,0.0521420975,0.02
4227,0.0521374688,0.02
4228,0.0521328227,0.02
4229,0.0521281591,0.02
4230,0.0521235129,0.02
4231,0.0521188901,0.02
4232,0.0521142668,0.02
4233,0.0521096284,0.02
4234,0.0521049985,0.02
4235,0.0521003949,0.02
4236,0.0520958,0.02
4237,0.0520911964,0.02
4238,0.0520865753,0.02
4239,0.0520819542,0.02
4240,0.0520773414,0.02
4241,0.0520727368,0.02
4242,0.0520681233,0.02
4243,0.0520634924,0.02
4244,0.0520588527,0.02
4245,0.0520542043,0.02
4246,0.0520495471,0.02
4247,0.0520449075,0.02
4248,0.052040294,0.02
4249,0.0520356625,0.02
4250,0.0520310304,0.02
4251,0.0520264071,0.02
4252,0.0520217692,0.02
4253,0.0520171225,0.02
4254,0.0520124817,0.02
4255,0.0520078409,0.02
4256,0.0520031914,0.02
4257,0.0519985448,0.02
4258,0.0519939156,0.02
4259,0.0519892921,0.02
4260,0.0519846681,0.02
4261,0.0519800524,0.02
4262,0.0519754337,0.02
4263,0.0519708151,0.02
4264,0.0519661994,0.02
4265,0.0519615924,0.02
4266,0.0519569854,0.02
4267,0.0519523667,0.02
4268,0.0519477568,0.02
4269,0.0519431498,0.02
4270,0.0519385254,0.02
4271,0.0519338747,0.02
4272,0.051929215,0.02
4273,0.0519245548,0.02
4274,0.0519198942,0.02
4275,0.0519152424,0.02
4276,0.0519105819,0.02
4277,0.0519059213,0.02
4278,0.0519012725,0.02
4279,0.0518966148,0.02
4280,0.0518919543,0.02
4281,0.05188732,0.02
